{"posid":80,"story_boss":{"command_0":{"action":"say","config":"什么人，你们是谁！怎么闯进来的！","id":0,"next":1,"stage":"boss","target":61},"command_1":{"action":"say","config":"太后，臣等庶民皆是龙门镖局的镖师，冒然闯入，实非得已！","id":1,"next":2,"stage":"boss","target":0},"command_2":{"action":"say","config":"龙门镖局！好啊，原来就是你们，妄想颠覆我朝，今天必须要把你们一网打尽！","id":2,"next":3,"stage":"boss","target":61},"command_3":{"action":"commands","config":[{"action":"commands","config":"怎么回事，我怎么晕圈了呢……","id":3,"stage":"boss","target":1},{"action":"say","config":"三金，三金，这是咋回事啊！","id":3,"stage":"boss","target":2},{"action":"say","config":"冷静冷静，怎么一言不合就出招了呢！","id":3,"stage":"boss","target":3}],"id":3,"next":4,"stage":"boss","target":1},"command_4":{"action":"say","config":"太后，你这是怎么了……","id":4,"next":-1,"stage":"boss","target":0}},"story_end":{"command_0":{"action":"say","config":"太后，你醒醒，你怎么了？","id":0,"next":1,"stage":"end","target":0},"command_1":{"action":"say","config":"三金？你怎么在这里，三金！真的是你吗！","id":1,"next":2,"stage":"end","target":61},"command_10":{"action":"say","config":"三金，我想你…… 留下来陪我，哪怕一小段时间，如何？","id":10,"next":11,"stage":"end","target":61},"command_11":{"action":"say","config":"太后，请恕草民不便，现在告辞，太后保重！","id":11,"next":12,"stage":"end","target":0},"command_12":{"action":"say","config":"三金，你怎么这么对我！","id":12,"next":13,"stage":"end","target":61},"command_13":{"action":"say","config":"有文化！任性！","id":13,"next":14,"stage":"end","target":0},"command_14":{"action":"say","config":"说完，三金大摇大摆的走出宫门，长河落日，无数的白鸽腾空而起，事了拂衣去，深藏身与名。预知后事如何，请听下回分解……（再次感谢您对游戏的厚爱，么么哒！）","id":14,"next":-1,"stage":"end","target":-1},"command_2":{"action":"say","config":"太后，是我，是我！","id":2,"next":3,"stage":"end","target":0},"command_3":{"action":"say","config":"啊，我头好痛， 我记得总管和我说，近来有一派邪恶势力，妄图谋害皇上，害我这几日精神紧张，都不知道怎么了。","id":3,"next":4,"stage":"end","target":61},"command_4":{"action":"say","config":"这狗日的厂督，为了防止我们接近，真是想尽办法。太后，这是锦衣卫的花名册，他们长久以来培植亲信，互相勾当，陷害忠良，妄想推翻朝廷，另立山头，皇上和太后不得不防啊！","id":4,"next":5,"stage":"end","target":0},"command_5":{"action":"say","config":"原来这样，三金，你说什么，我都信的……","id":5,"next":6,"stage":"end","target":61},"command_6":{"action":"commands","config":[{"action":"commands","config":"……（真爱啊）","id":6,"stage":"end","target":1},{"action":"say","config":"……（敬祺啊，可惜你没听到）","id":6,"stage":"end","target":2},{"action":"say","config":"……（怎么有种吃醋的感觉）","id":6,"stage":"end","target":3}],"id":6,"next":7,"stage":"end","target":1},"command_7":{"action":"say","config":"太后……我都懂的……","id":7,"next":8,"stage":"end","target":0},"command_8":{"action":"say","config":"三金，留下吧，为朝廷效力！有你在，我和皇上，都会安心不少。","id":8,"next":9,"stage":"end","target":61},"command_9":{"action":"say","config":"谢太后好意，你如果懂我，便知我的理想，是诗和远方！每天喝喝茶，散散步，喝个小酒，晒个太阳，这才是我想要的生活。","id":9,"next":10,"stage":"end","target":0}},"story_start":{}}