{"posid":68,"story_boss":{"command_0":{"action":"say","config":"同志们，看看谁来招待我们，堂堂大明朝掌印太监！","id":0,"next":1,"stage":"boss","target":0},"command_1":{"action":"say","config":"这都看得出，有文化！","id":1,"next":2,"stage":"boss","target":1},"command_2":{"action":"say","config":"各位，路到这里，就没了，人都这里，也该回了，想要什么，尽管说，除了天下，都可以给！","id":2,"next":3,"stage":"boss","target":52},"command_3":{"action":"select","config":["我要iphone7，你有吗？","我要你的命，你有吗！"],"id":3,"next":4,"selectnext":[4,4],"stage":"boss","target":-2},"command_4":{"action":"say","config":"这是什么，疯了吗？，我可没疯！","id":4,"next":5,"stage":"boss","target":52},"command_5":{"action":"say","config":"所以啊，还不老老实实的把花名册交出来，饶你不死！","id":5,"next":6,"stage":"boss","target":0},"command_6":{"action":"say","config":"我堂堂掌印太监，竟然被你们绕进去，果然有两把刷子，来吧，这一次，再也不能让你们逃掉！","id":6,"next":-1,"stage":"boss","target":52}},"story_end":{"command_0":{"action":"say","config":"交出花名册，饶你不死！","id":0,"next":1,"stage":"end","target":1},"command_1":{"action":"say","config":"笑话，交出来又如何，不交又怎样，一群没有远见的家伙！","id":1,"next":2,"stage":"end","target":52},"command_2":{"action":"say","config":"欺下瞒上，谋财害命，图谋不轨，这是你们的远见？","id":2,"next":3,"stage":"end","target":0},"command_3":{"action":"say","config":"民以天为食，若天昏庸不作为，换天有何不可！","id":3,"next":4,"stage":"end","target":52},"command_4":{"action":"say","config":"突然，太监甩起拂尘，背后竟然藏着一把利刃。小心！陆三金大喝一声，挡在所有人面前，却不料太监竟然朝自己心脏刺去！只见血液四溅，太监一副狰狞的面孔，在大笑中轰然倒地，含笑而亡……","id":4,"next":-1,"stage":"end","target":-1}},"story_start":{"command_0":{"action":"say","config":"主子，我突然想到一个问题，我们如果拿到另外一本花名册，该怎么呈送给皇上，人家可都不认识我们，没准，还把我们当刁民！","id":0,"next":1,"stage":"start","target":3},"command_1":{"action":"say","config":"对啊，我们又不是高富帅白富美，凭什么相信我们！","id":1,"next":2,"stage":"start","target":4},"command_10":{"action":"say","config":"long long time ago……  三金巴拉巴拉和大家开始回忆当年发生的事情：那是在泰晤士河畔，两个人一见钟情，彼此献出了自己的第一次（什么第一次，自己猜去），然后，就没有然后了，分手了……","id":10,"next":-1,"stage":"start","target":-1},"command_2":{"action":"select","config":["说的有道理，那肿么办，难道前功尽弃？","一不做二不休，直接把皇上也办了！"],"id":2,"next":4,"selectnext":[4,3],"stage":"start","target":-2},"command_3":{"action":"say","config":"主子，你是今天没吃药还是脑子抽筋了！","id":3,"next":4,"stage":"start","target":0},"command_4":{"action":"say","config":"这就是我之前要和你们说的秘密！","id":4,"next":5,"stage":"start","target":1},"command_5":{"action":"say","config":"快说，还卖关子！","id":5,"next":6,"stage":"start","target":3},"command_6":{"action":"say","config":"我们可以将花名册呈交给皇太后！","id":6,"next":7,"stage":"start","target":0},"command_7":{"action":"say","config":"可拉倒吧，皇太后理你啊，人家是你什么人啊！","id":7,"next":8,"stage":"start","target":1},"command_8":{"action":"say","config":"猜得很准！皇太后，是我前女友，我唯一深爱的前女友！","id":8,"next":9,"stage":"start","target":0},"command_9":{"action":"commands","config":[{"action":"say","config":"啊啊啊啊，不要啊！到底是你吃错药，还是我吃错药啊，我不信！","id":9,"stage":"start","target":1},{"action":"say","config":"啊啊啊啊，救命啊！ 太刺激了，编剧都不敢这么写啊！","id":9,"stage":"start","target":2},{"action":"say","config":"啊啊啊啊，老娘又相信爱情了，快说快说，怎么回事啊！","id":9,"stage":"start","target":3}],"id":9,"next":10,"stage":"start","target":1}}}