{"posid":64,"story_boss":{"command_0":{"action":"say","config":"各位，知道为了你们，已经死了多少人了吗？","id":0,"next":1,"stage":"boss","target":51},"command_1":{"action":"say","config":"那你们为何还如此作恶！","id":1,"next":2,"stage":"boss","target":0},"command_2":{"action":"say","config":"作恶？我们是在拯救苍生。","id":2,"next":3,"stage":"boss","target":51},"command_3":{"action":"say","config":"呸，就凭你们，三条腿的都不敢这么说，两条腿的还嘚瑟什么！","id":3,"next":4,"stage":"boss","target":4},"command_4":{"action":"say","config":"整个中原地区的镖局，都快被我们扫荡干净了，你们牵连的可真够广的呀！","id":4,"next":5,"stage":"boss","target":51},"command_5":{"action":"say","config":"在你们眼睛里，人命如蝼蚁，不把你们消灭，我陆某誓不为人！","id":5,"next":-1,"stage":"boss","target":0}},"story_end":{},"story_start":{"command_0":{"action":"say","config":"离开了这么久，也不知道敬祺的伤养的怎么样了。","id":0,"next":1,"stage":"start","target":2},"command_1":{"action":"say","config":"我也想糊糊，不知道他有没有好好吃饭。","id":1,"next":2,"stage":"start","target":3},"command_2":{"action":"say","config":"我也想俺娘，还想着早点回去盖新房，娶媳妇呢，谁知道又一年过去了","id":2,"next":3,"stage":"start","target":1},"command_3":{"action":"select","config":[" 各位，我们离胜利，只差一个转身的距离！"," 我也想媳妇，俺媳妇不知道在读大学还是小学……"],"id":3,"next":4,"selectnext":[4,5],"stage":"start","target":-2},"command_4":{"action":"say","config":"主子说的对，我也觉得，我们离胜利越来越近了，打起精神来！待会儿我会给大家说一个秘密！","id":4,"next":6,"stage":"start","target":0},"command_5":{"action":"say","config":"主子真会说笑，大家打起精神来，待会儿我会给大家说一个秘密！","id":5,"next":6,"stage":"start","target":0},"command_6":{"action":"say","config":"恩，我知道，怕洗澡……","id":6,"next":7,"stage":"start","target":1},"command_7":{"action":"say","config":"恩，我也知道，去过伦敦……","id":7,"next":8,"stage":"start","target":2},"command_8":{"action":"say","config":"恩，我也知道，小气鬼……","id":8,"next":9,"stage":"start","target":3},"command_9":{"action":"say","config":"小心，有敌人！","id":9,"next":-1,"stage":"start","target":4}}}