{"posid":41,"story_boss":{"command_0":{"action":"say","config":"你们什么人，年掌柜呢，让他滚出来！","id":0,"next":1,"stage":"boss","target":1},"command_1":{"action":"say","config":"很遗憾，恐怕出不来了，都埋在后院了！","id":1,"next":2,"stage":"boss","target":34},"command_2":{"action":"say","config":"什么！你们怎么这么残忍！","id":2,"next":3,"stage":"boss","target":2},"command_3":{"action":"say","config":"大家惊愕地环顾四周，发现到处都是丢弃的武器和打斗的痕迹，还有鲜红未干的血……","id":3,"next":4,"stage":"boss","target":-1},"command_4":{"action":"say","config":"你们到底想干嘛！你们是什么人，难道你们是组织的？","id":4,"next":5,"stage":"boss","target":0},"command_5":{"action":"say","config":"多说无益！你们之前押送的镖呢，快交出来！","id":5,"next":6,"stage":"boss","target":34},"command_6":{"action":"say","config":"镖？镖不是被你们劫走了吗？怎么，自己人都火拼了，有意思！","id":6,"next":7,"stage":"boss","target":1},"command_7":{"action":"say","config":"懒得废话，杀了你们，什么都有了！","id":7,"next":-1,"stage":"boss","target":34}},"story_end":{"command_0":{"action":"say","config":"主子欧巴，他对我们的镖，为何这么关心？","id":0,"next":1,"stage":"end","target":4},"command_1":{"action":"say","config":"说不定是镖物里，有见不得人的东西，大家仔细找一下！","id":1,"next":2,"stage":"end","target":3},"command_2":{"action":"say","config":"大家仔细的搜查镖物，不一会，八斗举着半本册子，大声的招呼大家过去。众人凑在一起查阅，发现这是一本花名册，上面密密麻麻的写满了名字，只是名字残缺不全，看起来似乎没多少价值。","id":2,"next":-1,"stage":"end","target":-1}},"story_start":{}}