{"posid":75,"story_boss":{},"story_end":{},"story_start":{"command_0":{"action":"say","config":"这里竟然还有锦衣卫的便衣，他们的势利当真大的可怕！","id":0,"next":1,"stage":"start","target":1},"command_1":{"action":"say","config":"我怕皇上和皇太后周围也有锦衣卫的眼线，那样，我们就更加困难了！","id":1,"next":2,"stage":"start","target":0},"command_2":{"action":"say","config":"怕什么怕，我青橙才不怕呢，正玩得带劲呢！我娘教我的排山倒海，快派上用场了！","id":2,"next":-1,"stage":"start","target":2}}}