{"posid":34,"story_boss":{},"story_end":{},"story_start":{"command_0":{"action":"say","config":"主子，好像一路上多了很多身怀绝技的陌生人，他们从哪里冒出来的？","id":0,"next":1,"stage":"start","target":4},"command_1":{"action":"say","config":"并且一个个神色匆匆，神态诡异！","id":1,"next":2,"stage":"start","target":2},"command_2":{"action":"select","config":["古镇风景好，都是游客。","来者不善，小心堤防。"],"id":2,"next":3,"selectnext":[3,4],"stage":"start","target":-2},"command_3":{"action":"reward","config":"谁不说咱家乡好！金币+200","id":3,"next":-1,"rewarditem":[-100],"rewardnum":[200],"stage":"start","target":-1},"command_4":{"action":"reward","config":"take easy！给你200金币压压惊","id":4,"next":-1,"rewarditem":[-100],"rewardnum":[200],"stage":"start","target":-1}}}