{"posid":42,"story_boss":{},"story_end":{},"story_start":{"command_0":{"action":"say","config":"为了这么本破东西，竟然一直追杀我们，气死姐姐了！","id":0,"next":1,"stage":"start","target":4},"command_1":{"action":"say","config":"那我们现在该怎么办呢，我可不想死啊！","id":1,"next":2,"stage":"start","target":1},"command_2":{"action":"say","config":"那就要彻底的解决问题，想想这本花名册为何会吸引对方？","id":2,"next":3,"stage":"start","target":2},"command_3":{"action":"say","config":"肯定有重要信息喽，找到另一半，或许可以解开谜团。","id":3,"next":4,"stage":"start","target":3},"command_4":{"action":"say","config":"秋月姐威武，看来我们需要亲赴青花会总部，找到跑掉的那个人，我相信在他身上，一定有我们想要的东西。","id":4,"next":-1,"stage":"start","target":0}}}