{"posid":52,"story_boss":{"command_0":{"action":"say","config":"各位，此路不通，要想过去，可要留下点什么。","id":0,"next":1,"stage":"boss","target":63},"command_1":{"action":"say","config":"说吧，叔叔，你想要什么！","id":1,"next":2,"stage":"boss","target":4},"command_2":{"action":"say","config":"我要的可不多，不要金，不要银，只要你们身上的半本小书皮！","id":2,"next":3,"stage":"boss","target":63},"command_3":{"action":"say","config":"好家伙，原来是锦衣卫的，看你这个娘炮样！","id":3,"next":4,"stage":"boss","target":1},"command_4":{"action":"say","config":"呵呵呵，不给呀，不给老娘自己来抢！","id":4,"next":-1,"stage":"boss","target":63}},"story_end":{"command_0":{"action":"say","config":"呵呵呵，果然后辈可畏，看来我需要退休喽，只可惜，退休前，无法成就一番大事，真是可悲可叹！","id":0,"next":1,"stage":"end","target":63},"command_1":{"action":"say","config":"锦衣卫身居高位，竟然还不知足，真是人心不足蛇吞象！","id":1,"next":2,"stage":"end","target":0},"command_2":{"action":"say","config":"谁都想封官进爵，衣锦还乡，你们这们拼，还不是也想立功受赏？所以人呀，谁也别笑话谁，因为谁也不比谁干净！","id":2,"next":3,"stage":"end","target":63},"command_3":{"action":"say","config":"说完，她惦着小碎步，一溜烟跑了，你们呆呆的怔在原地，若有所思，竟然忘了追过去……","id":3,"next":-1,"stage":"end","target":-1}},"story_start":{}}