{"posid":19,"story_boss":{"command_0":{"action":"say","config":"丑八怪，快点把敬祺交出来，不要逼我动手！","id":0,"next":1,"stage":"boss","target":2},"command_1":{"action":"say","config":"什么白棋黑棋的，哪里来的辣妹子，竟在我青花寨撒野！","id":1,"next":2,"stage":"boss","target":23},"command_2":{"action":"say","config":"别废话，老子的打狗棒法终于派上用场了，拿命来！","id":2,"next":-1,"stage":"boss","target":1}},"story_end":{"command_0":{"action":"say","config":"老实交代，你们劫来的镖师，在哪里？","id":0,"next":1,"stage":"end","target":0},"command_1":{"action":"say","config":"原来你们是为此而来，对不起，人马已经押往总部，你们来晚了！","id":1,"next":2,"stage":"end","target":23},"command_2":{"action":"say","config":"总部在哪里？快说！","id":2,"next":3,"stage":"end","target":0},"command_3":{"action":"say","config":"在哪里？哈哈，总部在我心里！","id":3,"next":4,"stage":"end","target":23},"command_4":{"action":"select","config":["要不，把他心剥开看看？","要不，略施小计试试？"],"id":4,"next":5,"selectnext":[5,6],"stage":"end","target":-2},"command_5":{"action":"say","config":"主子切勿冲动，杀他对我们没有任何好处，何不看我略施小计！","id":5,"next":6,"stage":"end","target":0},"command_6":{"action":"say","config":"总部？你都被总部降级了，怎么还这样忠心耿耿！","id":6,"next":7,"stage":"end","target":0},"command_7":{"action":"say","config":"降级？不可能，我在青花会可是1级杀手！","id":7,"next":8,"stage":"end","target":23},"command_8":{"action":"say","config":"再说，总部离这上百公里，人迹罕至，你绝对不可能得到消息，收起你三岁小儿的智商吧！","id":8,"next":9,"stage":"end","target":23},"command_9":{"action":"say","config":"怪不得落草为寇，看来脑子真的有问题，八斗，先把它带下去，是蒸是煮是爆，自己定夺。","id":9,"next":-1,"stage":"end","target":0}},"story_start":{}}