{"posid":11,"story_boss":{},"story_end":{},"story_start":{"command_0":{"action":"say","config":"一天、两天、三天、一晃十几天过去了，敬祺这家伙却杳无音信；除了青橙认定他肯定泡妞去了，剩下的人，都感觉到一丝的不安…","id":0,"next":1,"stage":"start","target":-1},"command_1":{"action":"say","config":"各位，今天召集大家前来，想必你们也知道原因；敬祺一去多日未归，主子甚是担心，不知大家有何看法？","id":1,"next":2,"stage":"start","target":0},"command_2":{"action":"say","config":"看法？别让我逮住他！我要吃他的血，喝他的肉，看他还敢不敢背着我泡妞！","id":2,"next":3,"stage":"start","target":2},"command_3":{"action":"select","config":["恋爱中的女人真可怕！","好暴力哦，我喜欢！"],"id":3,"next":4,"selectnext":[4,5],"stage":"start","target":-2},"command_4":{"action":"say","config":"青橙，你可长点心吧，你有没有想过，万一敬祺遭遇不测了呢？","id":4,"next":6,"stage":"start","target":3},"command_5":{"action":"say","config":"主子，咳咳，主子，我觉得敬祺多日未归，必有蹊跷！","id":5,"next":6,"stage":"start","target":3},"command_6":{"action":"say","config":"秋月姐说的是，万一敬祺有个三长两短，这就尴尬了。不如我们一起出门寻找，胜过在此焦急等待！","id":6,"next":7,"stage":"start","target":0},"command_7":{"action":"select","config":["好，就这么定了，立即动身！","好，你们打前，我殿后！"],"id":7,"next":8,"selectnext":[8,9],"stage":"start","target":-2},"command_8":{"action":"reward","config":"大家朝你投来崇拜的目光，金币+50","id":8,"next":-1,"rewarditem":[-100],"rewardnum":[50],"stage":"start","target":-1},"command_9":{"action":"say","config":"大家朝你投来鄙夷的目光！","id":9,"next":-1,"stage":"start","target":-1}}}