{"posid":30,"story_boss":{},"story_end":{},"story_start":{"command_0":{"action":"say","config":"敬祺伤势如何？","id":0,"next":1,"stage":"start","target":3},"command_1":{"action":"say","config":"我已派人将他小心护送回去，恭叔也已经在家等着了，大家放心！","id":1,"next":2,"stage":"start","target":0},"command_2":{"action":"say","config":"咦，青橙，你还在这里干嘛，怎么不跟着回去？","id":2,"next":3,"stage":"start","target":1},"command_3":{"action":"select","config":["青橙回去吧，敬祺没你活不了！","青橙还有大事要做，怎能半途而废！"],"id":3,"next":4,"selectnext":[4,5],"stage":"start","target":-2},"command_4":{"action":"say","config":"主子，事有蹊跷，我觉得还需要继续追查，况且之前的镖物也还没有全部追回！","id":4,"next":6,"stage":"start","target":0},"command_5":{"action":"say","config":"主子说的是，还是把镖物全部追回，再一起回去不迟！","id":5,"next":6,"stage":"start","target":0},"command_6":{"action":"say","config":"主子，你看这里，镖物的火印上面有字：锦**","id":6,"next":7,"stage":"start","target":1},"command_7":{"action":"say","config":"锦衣卫！怎么可能，这批货物怎么可能是锦衣卫的？这不是万永商号的嘛？","id":7,"next":8,"stage":"start","target":0},"command_8":{"action":"say","config":"老奸巨猾的东西，我们必须要去问个清楚！","id":8,"next":9,"stage":"start","target":3},"command_9":{"action":"say","config":"看不出来，年掌柜肚子里一包坏水，我要给他放放血！","id":9,"next":-1,"stage":"start","target":4}}}