{"posid":5,"story_boss":{},"story_end":{"command_0":{"action":"say","config":"主子，上次我来万永商号，并没有这么多生面孔，难道又招了一些新伙计？","id":0,"next":1,"stage":"end","target":0},"command_1":{"action":"select","config":["看衣着不像万永商号，小心有诈！","招人说明业绩好，我们要多学习！"],"id":1,"next":2,"selectnext":[2,3],"stage":"end","target":-2},"command_2":{"action":"reward","config":"你发现这些人的衣服上，似乎印着青色的花朵，金币+50","id":2,"next":-1,"rewarditem":[-100],"rewardnum":[50],"stage":"end","target":-1},"command_3":{"action":"reward","config":"你眼冒金光，巴不得赶紧去找年掌柜跪求真经，金币+50","id":3,"next":-1,"rewarditem":[-100],"rewardnum":[50],"stage":"end","target":-1}},"story_start":{"command_0":{"action":"say","config":"兄弟，可否通报下，龙门镖局登门拜访！","id":0,"next":1,"stage":"start","target":0},"command_1":{"action":"say","config":"什么龙门狗门的，掌柜的说了，一律不见！","id":1,"next":2,"stage":"start","target":5},"command_2":{"action":"select","config":["难道年掌柜有要事在身？","说那么多干嘛，干！"],"id":2,"next":3,"selectnext":[3,4],"stage":"start","target":-2},"command_3":{"action":"say","config":"主子，听这些狗腿胡扯，这年掌柜肥头大耳，除了泡妞就没啥事做。","id":3,"next":4,"stage":"start","target":2},"command_4":{"action":"say","config":"就是，直接杀过去完了，看招！","id":4,"next":-1,"stage":"start","target":1}}}