{"posid":3,"story_boss":{},"story_end":{},"story_start":{"command_0":{"action":"say","config":"主子，该咋整，这群小兔崽子又在门外吆喝了！","id":0,"next":1,"stage":"start","target":1},"command_1":{"action":"select","config":["为了龙门镖局的前途，亲赴万永商号。","来一群杀一波，老子就是不信邪！"],"id":1,"next":2,"selectnext":[2,5],"stage":"start","target":-2},"command_2":{"action":"say","config":"不，不能去，万永商号的年掌柜视财如命，是个无耻败类！","id":2,"next":3,"stage":"start","target":3},"command_3":{"action":"say","config":"秋月姐，那是过去！如今为了拿到镖单，重振龙门镖局，我们要学会低头做人！","id":3,"next":4,"stage":"start","target":0},"command_4":{"action":"say","config":"对啊，秋月姐，这次有主子陪我们去，肯定不会吃亏的，放心！","id":4,"next":6,"stage":"start","target":2},"command_5":{"action":"say","config":"主子，我觉得万永商号必须要去，它是镖局最大的合作伙伴，失去了这条大腿，以后我们可没肉吃啊！","id":5,"next":6,"stage":"start","target":0},"command_6":{"action":"say","config":"对啊，主子，这次你随我们一同前往，定叫他年掌柜睁大狗眼，看个清楚。","id":6,"next":7,"stage":"start","target":4},"command_7":{"action":"say","config":"那还等啥，赶紧的啊，驾！","id":7,"next":-1,"stage":"start","target":1}}}