{"posid":23,"story_boss":{},"story_end":{},"story_start":{"command_0":{"action":"say","config":"青花会红花会绿花会的，怎么走了这么久，连个人影都没有！","id":0,"next":1,"stage":"start","target":3},"command_1":{"action":"select","config":["这么高深的问题，要不要给她解释下！","告诉她，照照镜子就可以了！"],"id":1,"next":2,"selectnext":[2,6],"stage":"start","target":-2},"command_10":{"action":"say","config":"好你个蔡八斗，敢嘲笑老娘，看我不打死你！","id":10,"next":-1,"stage":"start","target":3},"command_2":{"action":"say","config":"秋月姐，你知道青花会干嘛的吗！是专门抓女人的！","id":2,"next":3,"stage":"start","target":1},"command_3":{"action":"say","config":"不要吓我，为什么！","id":3,"next":4,"stage":"start","target":3},"command_4":{"action":"say","config":"因为这样，就没有女人，八婆喽！","id":4,"next":5,"stage":"start","target":1},"command_5":{"action":"say","config":"好你个蔡八斗，敢嘲笑老娘，看我不打死你！","id":5,"next":-1,"stage":"start","target":3},"command_6":{"action":"say","config":"当家的，我怕一照镜子啊，镜子会碎！，木办法，太漂亮了，哈哈！","id":6,"next":7,"stage":"start","target":3},"command_7":{"action":"say","config":"你可拉倒吧，秋月姐，你照不来镜子的！","id":7,"next":8,"stage":"start","target":1},"command_8":{"action":"say","config":"为啥？","id":8,"next":9,"stage":"start","target":3},"command_9":{"action":"say","config":"因为啊，你脸大！容不下！","id":9,"next":10,"stage":"start","target":1}}}