{"posid":20,"story_boss":{},"story_end":{},"story_start":{"command_0":{"action":"say","config":"主子，怎么到了个屎都不拉鸟的地方！","id":0,"next":1,"stage":"start","target":4},"command_1":{"action":"say","config":"璎珞，还记得青花寨的寨主怎么说的吗？上百公里，人迹罕至！","id":1,"next":2,"stage":"start","target":0},"command_2":{"action":"say","config":"那走这里，会不会南辕北辙，越来越远？","id":2,"next":3,"stage":"start","target":1},"command_3":{"action":"say","config":"当然不会，整个龙门镇，只有西北方毗连疆域，所以降水稀少、人迹罕至，而这条路，便是通向西北的唯一通道！","id":3,"next":4,"stage":"start","target":0},"command_4":{"action":"say","config":"原来这样，那我们赶紧上路，多日没见敬祺，可想死宝宝了！","id":4,"next":5,"stage":"start","target":2},"command_5":{"action":"commands","config":[{"action":"say","config":"额……好肉麻！","id":5,"stage":"start","target":0},{"action":"say","config":"额……好恶心！","id":5,"stage":"start","target":1},{"action":"say","config":"一一零嘛，我要报警！","id":5,"stage":"start","target":3}],"id":5,"next":-1,"stage":"start","target":0}}}