{"posid":48,"story_boss":{"command_0":{"action":"say","config":"欢迎龙门镖局的贵客，请问各位，东西带了吗？","id":0,"next":1,"stage":"boss","target":45},"command_1":{"action":"say","config":"什么东西？东西没有，要命一条！","id":1,"next":2,"stage":"boss","target":2},"command_2":{"action":"say","config":"这位小姑娘还真是天真，谁是领头的，站出来说话！","id":2,"next":3,"stage":"boss","target":45},"command_3":{"action":"select","config":["你大爷我在这里，想干什么！","做人要低调……"],"id":3,"next":6,"selectnext":[6,4],"stage":"boss","target":-2},"command_4":{"action":"say","config":"主子，他叫你呢，别装听不见！","id":4,"next":5,"stage":"boss","target":1},"command_5":{"action":"say","config":"哈哈，是人都怕死，乖乖交出花名册，保你一个全尸！","id":5,"next":7,"stage":"boss","target":45},"command_6":{"action":"say","config":"不错，是条汉子，乖乖交出花名册，保你一个全尸！","id":6,"next":7,"stage":"boss","target":45},"command_7":{"action":"say","config":"呸，要不要脸！","id":7,"next":8,"stage":"boss","target":2},"command_8":{"action":"say","config":"只见吕青橙用力的朝对方吐了一口唾沫……可惜，力道尚浅，没能命中目标！","id":8,"next":9,"stage":"boss","target":-1},"command_9":{"action":"say","config":"这样就很尴尬了，来，出招吧！","id":9,"next":-1,"stage":"boss","target":45}},"story_end":{"command_0":{"action":"say","config":"没想到我堂堂青花会副舵主，锦衣卫一等校尉，竟会败于你们之手！奉劝各位一句，莫再前行，越往后的游戏，不是你们可以招架了的，后会无期！","id":0,"next":1,"stage":"end","target":45},"command_1":{"action":"say","config":"说完，他竟咬舌自尽，虽说恶人终有恶报，但生命的消逝，还是让大家不自觉的沉默不语……","id":1,"next":2,"stage":"end","target":-1},"command_2":{"action":"say","config":"一行人在青花会总部大肆寻找，希望能找到另外半本花名册，可惜翻箱倒柜折腾了很久，毛都没见着，无奈，一行人打算先回镖局，然后再议……","id":2,"next":-1,"stage":"end","target":-1}},"story_start":{}}