{"posid":27,"story_boss":{},"story_end":{},"story_start":{"command_0":{"action":"say","config":"主子，路标没了，两条路，该走哪条？","id":0,"next":1,"stage":"start","target":0},"command_1":{"action":"select","config":["东边隐约有巨型的建筑，可能是青花会的老巢！","西边 静寂无声，有可能是老巢所在地！"],"id":1,"next":2,"selectnext":[2,3],"stage":"start","target":-2},"command_2":{"action":"say","config":"俗语道：虚则实之，实则虚之，东边虽然繁华，但是以青花会的隐秘作风，应当藏身于山野僻静之处。","id":2,"next":4,"stage":"start","target":0},"command_3":{"action":"say","config":"英雄所见略同，西边虽然寂静的有点可怕，但风萧萧兮易水寒，壮士一去兮不复还，go！","id":3,"next":4,"stage":"start","target":0},"command_4":{"action":"select","config":["三金棒棒哒，我们就往西边去！"],"id":4,"next":-1,"selectnext":[-1],"stage":"start","target":-2}}}