{"posid":0,"story_boss":{},"story_end":{"command_0":{"action":"say","config":"恭叔这老狐狸，怎么转眼没人了呢？","id":0,"next":1,"stage":"end","target":0},"command_1":{"action":"select","config":["肯定又去找某个前女友了！","难道恭叔还没有走出阴影吗？"],"id":1,"next":2,"selectnext":[2,3],"stage":"end","target":-2},"command_2":{"action":"say","config":"主子，你是不是也想前女友了，来，和我们说说！","id":2,"next":-1,"stage":"end","target":2},"command_3":{"action":"say","config":"主子，让恭叔先休息吧，有我们就够了！","id":3,"next":-1,"stage":"end","target":2}},"story_start":{"command_0":{"action":"say","config":"公子请留步，一看你仪表堂堂、风度翩翩，莫非就是我们的新主子？","id":0,"next":1,"stage":"start","target":0},"command_1":{"action":"select","config":["（有这等好事？）额…正是在下！","（莫非是圈套？）咳…认错人了！"],"id":1,"next":2,"selectnext":[2,3],"stage":"start","target":-2},"command_2":{"action":"reward","config":"原来真是公子！快，开门红包请笑纳！金币+100！","id":2,"next":4,"rewarditem":[-100],"rewardnum":[100],"stage":"start","target":0},"command_3":{"action":"reward","config":"公子真爱说笑，当你进入游戏的那一刻，你的命运已经改变！金币+100！","id":3,"next":4,"rewarditem":[-100],"rewardnum":[100],"stage":"start","target":0},"command_4":{"action":"say","config":"大家快过来，我有一件大事宣布：今天镖局重新开张，这位爷（恩…就是看手机的您那）就正式成为我们龙门镖局的新主子，掌声在哪里！","id":4,"next":5,"stage":"start","target":0},"command_5":{"action":"commands","config":[{"action":"say","config":"（奴才状）主子，不，大爷！小的名叫八斗，请您往死里吩咐……","id":5,"stage":"start","target":1},{"action":"say","config":"（娇羞状）主子，我叫吕青橙，大家都叫我小橙橙……","id":5,"stage":"start","target":2},{"action":"say","config":"（故作娇羞状）主子，我是原来的老板娘，都说我啊，长的像桃花一样！","id":5,"stage":"start","target":3}],"id":5,"next":6,"stage":"start","target":1},"command_6":{"action":"say","config":"咳咳，你们这么热情，会把主子吓坏的！","id":6,"next":7,"stage":"start","target":0},"command_7":{"action":"select","config":["人见人爱，花见花开，习惯了！","区区糖衣炮弹，怎么能把我干倒！"],"id":7,"next":8,"selectnext":[8,9],"stage":"start","target":-2},"command_8":{"action":"say","config":"主子这么帅，还没天理哦！恭叔，快来跪拜主子！","id":8,"next":-1,"stage":"start","target":4},"command_9":{"action":"say","config":"我就喜欢这么正直的男银！恭叔，快来跪拜主子！","id":9,"next":-1,"stage":"start","target":4}}}