{"posid":28,"story_boss":{},"story_end":{"command_0":{"action":"say","config":"快老实交代，组织是谁！","id":0,"next":1,"stage":"end","target":2},"command_1":{"action":"say","config":"大侠饶命，组织是……东……","id":1,"next":2,"stage":"end","target":20},"command_2":{"action":"say","config":"突然“嗖”的一声，几只飞镖飞过，他们话还没有说完，就一个个气绝身亡……","id":2,"next":3,"stage":"end","target":-1},"command_3":{"action":"say","config":"欧巴，有没有听清楚，他们说了什么？","id":3,"next":4,"stage":"end","target":4},"command_4":{"action":"select","config":["东？难道是指需要往东？","东？难道是东厂？"],"id":4,"next":5,"selectnext":[5,6],"stage":"end","target":-2},"command_5":{"action":"say","config":"主子说的有理，他们在此设卡，分明是防止我们逃走，说明东边才是青花会实力所在，一路往东，肯定可以找到敬祺。","id":5,"next":-1,"stage":"end","target":0},"command_6":{"action":"say","config":"主子说的有理，东厂乃当今第一特务组织，对方这么强的实力，有可能是来自于东厂，我们需小心为上。现在路已经被堵死，只有回头往东前行，说不定有所收获。","id":6,"next":-1,"stage":"end","target":0}},"story_start":{"command_0":{"action":"say","config":"这次任务完成的不够漂亮，老大都挨批了！","id":0,"next":1,"stage":"start","target":20},"command_1":{"action":"say","config":"为何？不是已经把龙门镖局的人抓来了吗？","id":1,"next":2,"stage":"start","target":19},"command_2":{"action":"say","config":"只是一个下手而已，辜负了组织的信任，没有一网打尽！","id":2,"next":3,"stage":"start","target":20},"command_3":{"action":"say","config":"你龙门爷爷在此，还不举起手来，快快投降！","id":3,"next":4,"stage":"start","target":1},"command_4":{"action":"say","config":"（喜出望外，两眼冒光）哈哈，小的们，正好把他们绑了，我们领赏去！","id":4,"next":5,"stage":"start","target":20},"command_5":{"action":"say","config":"就凭你们？老娘一刀斩你菊花开！","id":5,"next":-1,"stage":"start","target":3}}}