{"posid":32,"story_boss":{"command_0":{"action":"say","config":"龙门镖局稀客来此，有失远迎，罪过罪过！","id":0,"next":1,"stage":"boss","target":33},"command_1":{"action":"say","config":"请问长者是？","id":1,"next":2,"stage":"boss","target":0},"command_2":{"action":"say","config":"在下便是青花会的会长，南宫残红！","id":2,"next":3,"stage":"boss","target":33},"command_3":{"action":"say","config":"原来就你这个糟老头，快点把我敬祺交出来！","id":3,"next":4,"stage":"boss","target":2},"command_4":{"action":"say","config":"小姑娘，不急不急，亲自送上门来，我怎么好意思笑纳呢！","id":4,"next":5,"stage":"boss","target":33},"command_5":{"action":"say","config":"死变态，吃我一剑！","id":5,"next":6,"stage":"boss","target":2},"command_6":{"action":"say","config":"哎哟，还蛮凶的嘛，实话告诉你们，今儿个你们是有来无回，一个不留！","id":6,"next":-1,"stage":"boss","target":33}},"story_end":{"command_0":{"action":"say","config":"臭不要脸的，还有什么话说，人在哪里？","id":0,"next":1,"stage":"end","target":4},"command_1":{"action":"say","config":"那群人啊，正关在地牢里，好吃……好……喝…………","id":1,"next":2,"stage":"end","target":33},"command_2":{"action":"say","config":"正说着，南宫残红的嘴巴里却突然渗出了鲜血，声音越来越轻，噗通一声倒在地上。同时一道黑影闪过，消失不见。","id":2,"next":3,"stage":"end","target":-1},"command_3":{"action":"say","config":"刚才站在南宫残红旁边的人呢？是他干的！从后面捅了一刀！","id":3,"next":4,"stage":"end","target":1},"command_4":{"action":"say","config":"先不要管这个，找到敬祺最要紧了，大家搜一下！","id":4,"next":5,"stage":"end","target":0},"command_5":{"action":"say","config":"八斗发现墙角的花瓶可以转动，转动后露出一个暗室，“啊”的一声传来，大家立马热泪盈眶，这分明是敬祺看到阳光，撒娇的声音……","id":5,"next":-1,"stage":"end","target":-1}},"story_start":{}}