{"posid":15,"story_boss":{},"story_end":{"command_0":{"action":"say","config":"老实交代，有没有见到一个白白净净，肥头大脸的镖师经过！","id":0,"next":1,"stage":"end","target":2},"command_1":{"action":"say","config":"有有有，好汉饶命！","id":1,"next":2,"stage":"end","target":10},"command_2":{"action":"say","config":"睁大狗眼看清楚，老娘是女的，你们把他劫哪里去了？","id":2,"next":3,"stage":"end","target":2},"command_3":{"action":"say","config":"不是我，不是我，是我们寨主抓的，女侠饶命！","id":3,"next":4,"stage":"end","target":10},"command_4":{"action":"say","config":"啊……突然一到闪光，伴随着一声尖叫，小喽啰倒在了血泊之中，它的左胸上插着一把匕首，匕首上刻着一朵青色的花朵。","id":4,"next":5,"stage":"end","target":-1},"command_5":{"action":"say","config":"主子，怎么办，人质竟然被杀了！","id":5,"next":6,"stage":"end","target":0},"command_6":{"action":"select","config":["顺着大道向前，我就不信，人马怎会凭空消失！","三金，查一下这把匕首的来历，也许会有新发现！"],"id":6,"next":7,"selectnext":[7,8],"stage":"end","target":-2},"command_7":{"action":"say","config":"对对对，顺着大道走，敬祺！你在哪里啊，一定要等我啊！","id":7,"next":-1,"stage":"end","target":2},"command_8":{"action":"say","config":"主子说的对，我这就飞鸽传书，让各个分局的人帮忙打探！","id":8,"next":-1,"stage":"end","target":0}},"story_start":{"command_0":{"action":"say","config":"奇怪，马怎么到了这里不走了呢，驾，驾！","id":0,"next":1,"stage":"start","target":1},"command_1":{"action":"say","config":"八斗真是傻，帅主子，告诉他，马儿为什么不走了？","id":1,"next":2,"stage":"start","target":4},"command_2":{"action":"select","config":["因为马是个吃货，它饿了！","马似乎闻到了人的味道。"],"id":2,"next":3,"selectnext":[3,5],"stage":"start","target":-2},"command_3":{"action":"say","config":"主子，是你饿了吧，你这个吃货！","id":3,"next":4,"stage":"start","target":3},"command_4":{"action":"say","config":"肯定是马闻到了什么，很有可能他们的人马就在附近。","id":4,"next":6,"stage":"start","target":2},"command_5":{"action":"say","config":"主子，你怎么这么聪明，我好崇拜你哦！","id":5,"next":6,"stage":"start","target":4},"command_6":{"action":"say","config":"所言甚是，大家小心一点，小心有埋伏！","id":6,"next":-1,"stage":"start","target":0}}}