{"posid":46,"story_boss":{},"story_end":{"command_0":{"action":"say","config":"说，你还知道些什么！你们副舵主，人呢？","id":0,"next":1,"stage":"end","target":1},"command_1":{"action":"say","config":"我说我说，副舵主，他正在总部商量着怎么绞杀龙门镖局。让我在这里先盯好人……","id":1,"next":2,"stage":"end","target":62},"command_2":{"action":"say","config":"哈哈，那你觉得我们是谁？","id":2,"next":3,"stage":"end","target":3},"command_3":{"action":"say","config":"难道是龙门镖局？？？","id":3,"next":4,"stage":"end","target":62},"command_4":{"action":"say","config":"恭喜你，在人生的最后时刻，智商达到了高潮！","id":4,"next":5,"stage":"end","target":0},"command_5":{"action":"say","config":"只见三金手起刀落，刀柄狠狠的砸在他的背后，这厮立刻晕死过去，众人继续前行……","id":5,"next":-1,"stage":"end","target":-1}},"story_start":{"command_0":{"action":"say","config":"没想到副舵主，吃里扒外，归顺锦衣卫，你猜会长，是不是被他杀的？","id":0,"next":1,"stage":"start","target":35},"command_1":{"action":"say","config":"怎么会呢？副舵主英明神武……","id":1,"next":2,"stage":"start","target":36},"command_2":{"action":"say","config":"突然啊的一声，刚才的青花会小厮倒在血泊中，背后的人举着滴血的砍刀在阴笑：小子，你知道的太多了，早点去见南宫会长吧！","id":2,"next":3,"stage":"start","target":-1},"command_3":{"action":"say","config":"住手，你这个卑鄙小人，竟然连自己的兄弟也杀！","id":3,"next":4,"stage":"start","target":0},"command_4":{"action":"say","config":"哈哈，任何敢质疑组织的人，都要死！","id":4,"next":5,"stage":"start","target":36},"command_5":{"action":"say","config":"组织组织，今天我就让你见到组织！","id":5,"next":-1,"stage":"start","target":1}}}