{"posid":17,"story_boss":{},"story_end":{},"story_start":{"command_0":{"action":"say","config":"主子，刚收到飞鸽传书，说这把匕首，来源于江湖的一个隐秘门派，名叫：青花会！","id":0,"next":1,"stage":"start","target":0},"command_1":{"action":"commands","config":[{"action":"say","config":"噢……原来这样，你朋友效率真高！","id":1,"stage":"start","target":1},{"action":"say","config":"帮我谢谢你朋友啊，哪里来回哪里吧！","id":1,"stage":"start","target":2},{"action":"say","config":"你这朋友啊，还不如一双狗眼！","id":1,"stage":"start","target":3}],"id":1,"next":2,"stage":"start","target":1},"command_2":{"action":"say","config":"主子，这……这怎么回事？","id":2,"next":3,"stage":"start","target":0},"command_3":{"action":"say","config":"你不屑的抬了抬手指，喏，自己看！只见在大道的尽头，郝然飘着一面旗帜，上面三个大字：青花会！原来大家风雨兼程，不知不觉，已来到了青花会的山下。","id":3,"next":4,"stage":"start","target":-1},"command_4":{"action":"say","config":"这群小喽啰，看姐姐我怎么收拾你们！","id":4,"next":-1,"stage":"start","target":4}}}