{"posid":4,"story_boss":{},"story_end":{},"story_start":{"command_0":{"action":"say","config":"可累死宝宝了，主子，万永商号的镖已经整装待发！","id":0,"next":1,"stage":"start","target":4},"command_1":{"action":"say","config":"所以问题来了，这趟镖谁去押呢？","id":1,"next":2,"stage":"start","target":2},"command_2":{"action":"select","config":["吕青橙！她武功高！","恭叔！他武功更高！"],"id":2,"next":3,"selectnext":[3,4],"stage":"start","target":-2},"command_3":{"action":"say","config":"主子，人家可是少女，你舍得啊！","id":3,"next":5,"stage":"start","target":2},"command_4":{"action":"say","config":"主子，满院子都找过了，恭叔又不知跑哪里去了！","id":4,"next":5,"stage":"start","target":1},"command_5":{"action":"say","config":"主子，我倒有个主意，这趟镖经深山老林，地形复杂，敬祺呢，老成持重，又有洋枪防身，我觉得让他去最稳妥！","id":5,"next":6,"stage":"start","target":0},"command_6":{"action":"select","config":["三金所言极是，就这样办！"],"id":6,"next":7,"selectnext":[7],"stage":"start","target":-2},"command_7":{"action":"say","config":"喂，你们欺负敬祺，我饶不了你们！","id":7,"next":8,"stage":"start","target":2},"command_8":{"action":"commands","config":[{"action":"say","config":"年轻人嘛，要多锻炼！","id":8,"stage":"start","target":0},{"action":"say","config":"哈哈，来咬我啊！","id":8,"stage":"start","target":1},{"action":"say","config":"欺负敬祺？说不定还感谢我们呢！","id":8,"stage":"start","target":3}],"id":8,"next":-1,"stage":"start","target":0}}}