{"posid":10,"story_boss":{"command_0":{"action":"say","config":"没想到龙门镖局的少主子，还是有两把刷子的！","id":0,"next":1,"stage":"boss","target":12},"command_1":{"action":"select","config":[" 年掌柜真爱说笑，在下可不敢当！","我祖上就是卖刷子的，掌柜要不，卖你2把？"],"id":1,"next":2,"selectnext":[2,3],"stage":"boss","target":-2},"command_10":{"action":"say","config":"狼心狗肺的东西，敢对我下黑手，看我怎么收拾你们！","id":10,"next":-1,"stage":"boss","target":12},"command_2":{"action":"say","config":"少主子，亲自光临贵舍，不知道有何屁事？","id":2,"next":5,"stage":"boss","target":12},"command_3":{"action":"say","config":"卖我？送我还差不多，就这刷子，义乌小商品城2毛一把！说吧，光临贵舍，有何屁事？","id":3,"next":4,"stage":"boss","target":12},"command_4":{"action":"say","config":"我大龙门镖局重新开张，承蒙年掌柜多年的关照，故亲自登门拜访。","id":4,"next":5,"stage":"boss","target":0},"command_5":{"action":"say","config":"都是套路，我要听实话！","id":5,"next":6,"stage":"boss","target":12},"command_6":{"action":"say","config":"大家重新开始合作，一起发财如何？","id":6,"next":7,"stage":"boss","target":0},"command_7":{"action":"say","config":"就凭你们？一个个屌丝穷酸样的，先说欠我的一万两纹银，什么时候还！","id":7,"next":8,"stage":"boss","target":12},"command_8":{"action":"select","config":["生意挣了钱，先还年掌柜！","趁机剁了，一了百了！"],"id":8,"next":9,"selectnext":[9,10],"stage":"boss","target":-2},"command_9":{"action":"say","config":"嘴巴倒是挺甜，让我看看你们有没有这本事！","id":9,"next":-1,"stage":"boss","target":12}},"story_end":{"command_0":{"action":"say","config":"年掌柜，这下还有什么话说！","id":0,"next":1,"stage":"end","target":0},"command_1":{"action":"say","config":"不错，后生可畏，让年某对龙门镖局刮目相看！","id":1,"next":2,"stage":"end","target":12},"command_2":{"action":"say","config":"那我们的合作，年掌柜是答应喽？","id":2,"next":3,"stage":"end","target":0},"command_3":{"action":"say","config":"好说好说，我手里正有一趟急镖，恐怕要劳烦各位了！","id":3,"next":4,"stage":"end","target":12},"command_4":{"action":"select","config":["不麻烦，给钱就行！","多大点事，包我身上！"],"id":4,"next":5,"selectnext":[5,5],"stage":"end","target":-2},"command_5":{"action":"reward","config":"你的态度让年掌柜很满意，赠你50金币","id":5,"next":-1,"rewarditem":[-100],"rewardnum":[50],"stage":"end","target":-1}},"story_start":{}}