{"posid":58,"story_boss":{"command_0":{"action":"say","config":"胆子不小，竟然闯到京城来了，也罢，省的我动手，乖乖交出来！","id":0,"next":1,"stage":"boss","target":41},"command_1":{"action":"say","config":"交出来也可以，告诉我们，这本花名册到底有什么用！","id":1,"next":2,"stage":"boss","target":0},"command_2":{"action":"say","config":"瞧你们也逃不出我的掌心，不妨告诉你，这花名册，记录的都是我锦衣卫一等一的高手，说出来，怕把你们吓死！","id":2,"next":3,"stage":"boss","target":41},"command_3":{"action":"say","config":"那怎么跑到我们手里了，你们堂堂锦衣卫，还需要镖局押送？","id":3,"next":4,"stage":"boss","target":0},"command_4":{"action":"say","config":"谁稀罕你们，若不是滇南镇抚司出了叛徒，拟了这本花名册，想进京告我们御状，我们也无需如此狼狈！不得不说，现在的年轻人啊，真是幼稚！","id":4,"next":5,"stage":"boss","target":41},"command_5":{"action":"say","config":"原来如此，龙门镖局竟然被人利用了。","id":5,"next":6,"stage":"boss","target":2},"command_6":{"action":"say","config":"话不能这么说，只要是为国为民，就是赴汤蹈火，我八斗也开心，高兴，乐意！","id":6,"next":7,"stage":"boss","target":1},"command_7":{"action":"say","config":"嘴硬，看我不把你牙给拔光，让你嘚瑟！","id":7,"next":-1,"stage":"boss","target":41}},"story_end":{"command_0":{"action":"say","config":"没想到龙门镖局，还是有点本事，不过啊，这可是掉脑袋的大事，谁都挡不住！","id":0,"next":1,"stage":"end","target":41},"command_1":{"action":"say","config":"话音刚落，突然一阵烟雾蒸腾，转眼，人就没影了……","id":1,"next":-1,"stage":"end","target":-1}},"story_start":{"command_0":{"action":"say","config":"喂，哪里来的，退散退散，京城已经戒严，严禁外地狗入内！","id":0,"next":1,"stage":"start","target":44},"command_1":{"action":"say","config":"如果我们是来自龙门镖局呢？","id":1,"next":2,"stage":"start","target":0},"command_2":{"action":"say","config":"什么！ 龙门镖局！小的们，给我绑喽！","id":2,"next":-1,"stage":"start","target":44}}}