{"posid":13,"story_boss":{},"story_end":{"command_0":{"action":"say","config":"正所谓：打不过跑得过！敌人突然一溜烟窜没了，现场只残留几杆兵器和一匹瘦马……","id":0,"next":1,"stage":"end","target":-1},"command_1":{"action":"say","config":"主子，线索都没了，我们怎么办啊，我的敬祺啊！！！","id":1,"next":2,"stage":"end","target":2},"command_2":{"action":"say","config":"担心个毛线，他们的马还在，有学过老马识途的故事吗？中学课文第3学期上册……","id":2,"next":3,"stage":"end","target":0},"command_3":{"action":"say","config":"青橙姐，不是说自己是学霸嘛，丢不丢人……","id":3,"next":-1,"stage":"end","target":4}},"story_start":{"command_0":{"action":"say","config":"主子，周围的农户反映，前几日这里有一队人马经过，而且有打斗的声响。","id":0,"next":1,"stage":"start","target":1},"command_1":{"action":"say","config":"竟有这等事，那大伙赶紧搜一下，看看有什么蛛丝马迹。","id":1,"next":-1,"stage":"start","target":0}}}