{"posid":1,"story_boss":{},"story_end":{"command_0":{"action":"say","config":"切，没想到万永商号的人，这么不堪一击！","id":0,"next":1,"stage":"end","target":4},"command_1":{"action":"select","config":["气场强大，颜值退敌！","谨防有诈，小心为上!"],"id":1,"next":2,"selectnext":[2,3],"stage":"end","target":-2},"command_2":{"action":"reward","config":"一个打手偷偷往你口袋里塞了50金币，难道爱上你了？","id":2,"next":4,"rewarditem":[-100],"rewardnum":[50],"stage":"end","target":-1},"command_3":{"action":"reward","config":"你小心的勘察打斗现场，发现他们落下的50金币！","id":3,"next":4,"rewarditem":[-100],"rewardnum":[50],"stage":"end","target":-1},"command_4":{"action":"say","config":"主子，以我对万永商号的了解，他们是无事不登三宝殿，背后肯定有不可告人的目的！","id":4,"next":5,"stage":"end","target":0},"command_5":{"action":"select","config":["言之有理，大家先去休息，我们明天再议。"],"id":5,"next":-1,"selectnext":[-1],"stage":"end","target":-2}},"story_start":{"command_0":{"action":"say","config":"主子，不好了，万永商号的打手又在门外吆喝了，已经连续第三天了！","id":0,"next":1,"stage":"start","target":0},"command_1":{"action":"select","config":["新官上任三把火，痛扁一顿好不好！","新官上任不动火，以德服人好不好！"],"id":1,"next":2,"selectnext":[2,3],"stage":"start","target":-2},"command_2":{"action":"say","config":"主子V5，老早就看他们不顺眼了！","id":2,"next":4,"stage":"start","target":1},"command_3":{"action":"say","config":"主子，很有可能是他们的人故意试探，我们可不能示弱！","id":3,"next":4,"stage":"start","target":0},"command_4":{"action":"select","config":["那还等什么，一个字：干！"],"id":4,"next":-1,"selectnext":[-1],"stage":"start","target":-2}}}