{"posid":49,"story_boss":{},"story_end":{},"story_start":{"command_0":{"action":"say","config":"三金兄，不是说好回镖局吗，怎么在此不走了。","id":0,"next":1,"stage":"start","target":1},"command_1":{"action":"say","config":"各位，这一路回城，三金细细的把整个事件回想了以下，发现事情，可能远比我们遇到的严重；我们如果现在放弃，可能国家社稷，都危在旦夕！","id":1,"next":2,"stage":"start","target":0},"command_10":{"action":"select","config":["没错，就是当今圣上！","没错，就是锦衣卫他妈！"],"id":10,"next":11,"selectnext":[11,12],"stage":"start","target":-2},"command_11":{"action":"say","config":"主子聪明，所以这很可能是一次锦衣卫与皇上的较量，如若皇上失败，很可能社稷不保，天下大乱，真是不敢想象！","id":11,"next":14,"stage":"start","target":0},"command_12":{"action":"say","config":"关键时刻，主子就不要开玩笑的啦！","id":12,"next":13,"stage":"start","target":3},"command_13":{"action":"say","config":"比锦衣卫更强的人，只有一个，就是当今圣上！，所以我猜测，这很可能是一次锦衣卫与皇上的较量，如若皇上失败，很可能社稷不保，天下大乱，真是不敢想象！","id":13,"next":14,"stage":"start","target":0},"command_14":{"action":"say","config":"那赶紧找啊，另半本花名册在哪？","id":14,"next":15,"stage":"start","target":1},"command_15":{"action":"say","config":"既然青花会没有，说明那半本早已被锦衣卫取走，看来，我们要主动出击，虎穴龙潭都要闯一闯了！","id":15,"next":16,"stage":"start","target":0},"command_16":{"action":"say","config":"好！ 老娘反正什么都不怕，主子，三金，八斗，青橙，我们就生死与共，不杀他个鸡飞狗跳誓不罢休！","id":16,"next":17,"stage":"start","target":3},"command_17":{"action":"say","config":"秋月姐说的是，镖局不回了！敬祺让他自个儿养伤吧，我们调转马头，杀向京城！","id":17,"next":-1,"stage":"start","target":2},"command_2":{"action":"say","config":"能有啥事，不就半本册子吗，等回镖局，我去给你买1本，要不10本，100本！","id":2,"next":3,"stage":"start","target":1},"command_3":{"action":"say","config":"八斗，听三金哥说完，你这脑子，纸糊的！","id":3,"next":4,"stage":"start","target":4},"command_4":{"action":"say","config":"各位有没想过，锦衣卫为什么如此在乎这本册子吗，因为上面记录的人名，可能就是他们自己！","id":4,"next":5,"stage":"start","target":0},"command_5":{"action":"say","config":"各位请看，这里有一等、四等的字眼，这里，还有校尉、十户的概念，结合之前副舵主临死前的话，这本册子绝对是锦衣卫非常看重的东西。","id":5,"next":6,"stage":"start","target":0},"command_6":{"action":"say","config":"听起来好像有点道理！","id":6,"next":7,"stage":"start","target":1},"command_7":{"action":"say","config":"即便都是锦衣卫的人名，又有什么用呢？镖局所有的人名，我还都有呢！","id":7,"next":8,"stage":"start","target":2},"command_8":{"action":"say","config":"问得好！锦衣卫之所以害怕，是害怕这本册子落到更强的人手里！","id":8,"next":9,"stage":"start","target":0},"command_9":{"action":"say","config":"妈呀，比锦衣卫更强的人，难道是？","id":9,"next":10,"stage":"start","target":4}}}