{"posid":73,"story_boss":{},"story_end":{},"story_start":{"command_0":{"action":"say","config":"果然从太监身上搜到了另外半本花名册，大家迫不及待的翻看，结果令人大吃一惊！锦衣卫内高手众多，三道九流云集，而且很多省的督军已经暗自成为锦衣卫的爪牙，看来锦衣卫当真是想推翻皇上，改朝换代，事态越来越严重，大家都禁不住流出了冷汗……","id":0,"next":1,"stage":"start","target":-1},"command_1":{"action":"say","config":"各位，事不宜迟，我们必须要立刻进宫，面见皇太后，再晚就怕没时间了。","id":1,"next":2,"stage":"start","target":0},"command_2":{"action":"say","config":"那赶紧啊，还等什么，我八斗一直慢性子，却第一次感到火烧腿毛啊！","id":2,"next":3,"stage":"start","target":1},"command_3":{"action":"say","config":"老娘豁了老命，也陪着你们！","id":3,"next":4,"stage":"start","target":3},"command_4":{"action":"say","config":"敬祺啊，我要是有个三长两短，这辈子，你可不准再取啊！","id":4,"next":-1,"stage":"start","target":2}}}