{"posid":77,"story_boss":{"command_0":{"action":"say","config":"各位英雄，辛苦了！花名册给我，各位请回吧！","id":0,"next":1,"stage":"boss","target":60},"command_1":{"action":"say","config":"敢问你是？","id":1,"next":2,"stage":"boss","target":0},"command_2":{"action":"say","config":"我是皇太后的贴身侍卫，大内总管！","id":2,"next":3,"stage":"boss","target":60},"command_3":{"action":"say","config":"敢问皇太后人呢？","id":3,"next":4,"stage":"boss","target":0},"command_4":{"action":"say","config":"现在皇宫人心惶惶，请恕在下难以奉告！","id":4,"next":5,"stage":"boss","target":60},"command_5":{"action":"say","config":"闭嘴，别装了！根据我朝例律，大内总管是不能佩剑上堂的，你竟敢公然佩戴武器，说你是反贼，你自己都不敢否认！","id":5,"next":6,"stage":"boss","target":0},"command_6":{"action":"say","config":"哈哈，龙门镖局，果然名不虚传，怪不得抓你们废老鼻子劲了，今天交也是死，不交也是死，让你们知道反对我的下场！","id":6,"next":-1,"stage":"boss","target":60}},"story_end":{"command_0":{"action":"say","config":"现在服了吧，大内总管，不，厂督大人，锦衣卫的总头目！","id":0,"next":1,"stage":"end","target":0},"command_1":{"action":"say","config":"亏你有眼识得泰山，快把我放了，等我当上皇帝，让你当我的内阁大首辅！","id":1,"next":2,"stage":"end","target":60},"command_2":{"action":"say","config":"对不起，大爷我没兴趣！","id":2,"next":3,"stage":"end","target":1},"command_3":{"action":"say","config":"先捆起来吧，当务之急，是去保护皇上和皇太后安危！","id":3,"next":4,"stage":"end","target":0},"command_4":{"action":"commands","config":[{"action":"commands","config":"啧啧啧，爱情的力量是伟大的！","id":4,"stage":"end","target":1},{"action":"say","config":"哎哟，好肉麻，我都受不鸟了！","id":4,"stage":"end","target":4},{"action":"say","config":"我都想我家老头了，呜呜呜……","id":4,"stage":"end","target":3}],"id":4,"next":-1,"stage":"end","target":1}},"story_start":{}}