<?xml version="1.0" encoding="UTF-8"?>
<!DOCTYPE plist PUBLIC "-//Apple//DTD PLIST 1.0//EN" "http://www.apple.com/DTDs/PropertyList-1.0.dtd">
<plist version="1.0">
<dict>	
	<key>player_0</key>
	<string>陆三金</string>
	<key>player_1</key>
	<string>蔡八斗</string>
	<key>player_2</key>
	<string>吕青橙</string>
	<key>player_3</key>
	<string>盛秋月</string>
	<key>player_4</key>
	<string>邱璎珞</string>
	<key>somethinghappen</key>
	<string>是否进入关卡</string>
	<key>getnewskill</key>
	<string>学会使用</string>
	<key>getneww</key>
	<string>获得装备</string>
	<key>getnewwtitle</key>
	<string>获得新装备</string>
	<key>getnewskilltitle</key>
	<string>学习新技能</string>
	<key>shopname_0</key>
	<string>一号商店</string>
	<key>shopname_1</key>
	<string>二号商店</string>
	<key>shopname_2</key>
	<string>三号商店</string>
	<key>shopname_3</key>
	<string>四号商店</string>
	<key>shopname_4</key>
	<string>五号商店</string>
	<key>shopname_5</key>
	<string>六号商店</string>
	<key>guide_dialog_0</key>
	<string>请受小的一跪，ORZ！！！主子，最近我研究了一套新功夫，现在给您演示一下！</string>
	<key>guide_dialog_1</key>
	<string>团队的总生命值，是所有角色生命值的综合，当战斗过程中总生命值为0时，则闯关失败。</string>
	<key>guide_dialog_2</key>
	<string>团队的总防御值，是所有角色防御值的综合，防御值可抵挡敌人的攻击，降低生命值的伤害。</string>
	<key>guide_dialog_3</key>
	<string>当前关卡的进度。</string>
	<key>guide_dialog_4</key>
	<string>敌人等待行动的回合数，当回合数为0时，敌人会进行攻击。</string>
	<key>guide_dialog_5</key>
	<string>接下来告诉你们怎么战斗！</string>
	<key>guide_dialog_6</key>
	<string>你们每个人都有自己的专属镖符。</string>
	<key>guide_dialog_7</key>
	<string>将三个相同的镖符连成一线，即可让对应的角色发动行动，三金，你先来演示一遍。</string>
	<key>guide_dialog_8</key>
	<string>看我的！</string>
	<key>guide_dialog_9</key>
	<string>恭叔，我也不弱哦~</string>
	<key>guide_dialog_10</key>
	<string>现在防御值全满，主子，我来帮你打架！</string>
	<key>guide_dialog_11</key>
	<string>让你们尝尝我的厉害！</string>
	<key>guide_dialog_12</key>
	<string>小心！</string>
	<key>guide_dialog_13</key>
	<string>若防御值为0，被攻击将遭受极大伤害！赶紧加防御值！</string>
	<key>guide_dialog_14</key>
	<string>受伤了别怕，我给你们加血！</string>
	<key>guide_dialog_15</key>
	<string>各位学的真快，现在教你们更重要的连击和技能！</string>
	<key>guide_dialog_16</key>
	<string>4个相同镖符连成一条线会发动2次角色动作，并产生一个技能镖符。</string>
	<key>guide_dialog_17</key>
	<string>恭叔，你还真是啰嗦，看我的2连击！</string>
	<key>guide_dialog_18</key>
	<string>Cool！竟然产生了技能镖符，瞧瞧火焰斩的威力吧！</string>
	<key>guide_dialog_19</key>
	<string>防御崩溃了，先回复防御值吧！</string>
	<key>guide_dialog_20</key>
	<string>还不够，通过技能镖符一次回复更多防御值。</string>
	<key>guide_dialog_21</key>
	<string>防御值全满，我也可以战斗了…你们瞧好喽—碎冰击！</string>
	<key>guide_dialog_22</key>
	<string>再教你们一招更厉害的，将5个镖符达成L/T型的条件，可以发动3次角色动作，并产生一个强化技能镖符。</string>
	<key>guide_dialog_23</key>
	<string>看我的3连击！</string>
	<key>guide_dialog_24</key>
	<string>强化镖符的威力更加强大，让你们吃不了兜着走！</string>
	<key>guide_dialog_25</key>
	<string>别忘了老娘可是会加血的！</string>
	<key>guide_dialog_26</key>
	<string>发动强化技能—治疗术，大幅治愈伤口！</string>
	<key>guide_dialog_27</key>
	<string>5个镖符连成一直线，同样发动3次角色动作，但…更重要的是产生S技能镖符！</string>
	<key>guide_dialog_28</key>
	<string>让我来试试看！</string>
	<key>guide_dialog_29</key>
	<string>将S技能镖符与相邻的镖符直接交换，便会发动该角色的S技能！</string>
	<key>guide_dialog_30</key>
	<string>颤抖吧！看我的S技能—地狱火！</string>
	<key>guide_dialog_31</key>
	<string>各位学的真快！剩下的看你们的了，不要让恭叔失望！</string>
	<key>pop_toast_0</key>
	<string>道具已经送入背包</string>
	<key>pop_toast_1</key>
	<string>当前背包已满</string>
	<key>item_name_-100</key>
	<string>金币</string>
	<key>item_name_-101</key>
	<string>钻石</string>
	<key>item_name_-102</key>
	<string>镖旗</string>
	<key>item_des_-102</key>
	<string>进入关卡需要消耗镖旗</string>
	<key>text_fresh</key>
	<string>下次刷新时间 %02d:%02d:%02d</string>
	<key>no_gold</key>
	<string>金币不足</string>
	<key>no_caystal</key>
	<string>钻石不足</string>
	<key>no_parts</key>
	<string>碎片不足</string>
	<key>no_enough_tili</key>
	<string>镖旗不足，可在商城和宝箱获得</string>
	<key>up_succeed</key>
	<string>升级成功</string>
	<key>up_failed</key>
	<string>升级失败</string>	
	<key>p_name_0</key>
	<string>万无一失</string>
	<key>p_name_1</key>
	<string>十拿九稳</string>
	<key>p_name_2</key>
	<string>半斤八两</string>
	<key>p_name_3</key>
	<string>毁誉参半</string>
	<key>p_name_4</key>
	<string>造化弄人</string>
	<key>p_name_5</key>
	<string>望风捉影</string>
	<key>p_name_6</key>
	<string>逆天改命</string>
	<key>p_name_7</key>
	<string>逆天改命</string>
	<key>toast_tip_0</key>
	<string>钻石不足</string>
	<key>toast_tip_1</key>
	<string>正在连接服务器</string>
	<key>toast_tip_2</key>
	<string>非法昵称，请重新输入</string>
	<key>toast_tip_3</key>
	<string>该类型兑换码，不能重复兑换</string>
	<key>toast_tip_4</key>
	<string>兑换码无效</string>
	<key>toast_tip_5</key>
	<string>联网失败，请检查网络</string>
	<key>toast_tip_6</key>
	<string>请输入兑换码</string>	
	<key>allready_have_skill</key>
	<string>你已拥有此技能，无需重复购买</string>
	<key>toast_tip_7</key>
	<string>11关后解锁</string>
	<key>guide_0_0</key>
	<string>主子，获得的宝箱，都给您藏这里了！</string>
	<key>guide_0_3</key>
	<string>使用钻石可以立即打开宝箱，快看看有什么宝贝！</string>
	<key>guide_1_0</key>
	<string>主子，镖局的所有信息都在这里显示！</string>
	<key>guide_1_2</key>
	<string>集齐一定碎片武器可升级，主子快点试试！</string>
	<key>guide_1_8</key>
	<string>主子，这里可以切换不同的技能，对付不同属性的怪物！</string>
	<key>guide_1_10</key>
	<string>主子，获得的道具都会放在这里。</string>
	<key>guide_1_11</key>
	<string>主子，通过这里可以回到主界面哦！</string>
	<key>floor_title</key>
	<string>第N层</string>
	<key>top_box_info</key>
	<string>胜利10场可兑换黄金宝箱</string>
	<key>boxfull</key>
	<string>宝箱数量已达上限</string>
	<key>load_tips_0</key>
	<string>龙门宝塔里的宝箱，可都是珍稀武器碎片。</string>
	<key>load_tips_1</key>
	<string>盛秋月的有一个S级神技，可令人起死回生！</string>
	<key>load_tips_2</key>
	<string>S镖符要多攥着，打boss时一起丢给它。</string>
	<key>load_tips_3</key>
	<string>快使用十字架，什么敌人buff都不怕。</string>
	<key>load_tips_4</key>
	<string>加防御还是加血，这一直很让人头疼。</string>
	<key>load_tips_5</key>
	<string>八斗的九阳神功，关键时刻很给力哦！</string>
	<key>load_tips_6</key>
	<string>武器可无限升级，一般人我不告诉他。</string>
	<key>load_tips_7</key>
	<string>据说技能和怪物，都有火系、雷系、冰系之分。</string>
	<key>load_tips_8</key>
	<string>传奇武器都没有，别说你认识我。</string>
	<key>load_tips_9</key>
	<string>地图商店里卖很多宝贝，你发现没有？</string>
	<key>load_tips_10</key>
	<string>盛秋月的净化术，可是超级大的bug！</string>
	<key>load_tips_11</key>
	<string>没有镖旗，记得从免费宝箱里领哦！</string>
	<key>load_tips_12</key>
	<string>神奇的八卦炉啊，里面充满了无穷的奥秘！</string>
	<key>load_tips_13</key>
	<string>普通关卡也可以收获宝箱，记得喜刷刷哦！</string>
	<key>wenpon_lv_pos_0</key>
	<string>普通一阶</string>
	<key>wenpon_lv_pos_1</key>
	<string>普通二阶</string>
	<key>wenpon_lv_pos_2</key>
	<string>普通三阶</string>
	<key>wenpon_lv_pos_3</key>
	<string>精炼一阶</string>
	<key>wenpon_lv_pos_4</key>
	<string>精炼二阶</string>
	<key>wenpon_lv_pos_5</key>
	<string>精炼三阶</string>
	<key>wenpon_lv_pos_6</key>
	<string>稀有一阶</string>
	<key>wenpon_lv_pos_7</key>
	<string>稀有二阶</string>
	<key>wenpon_lv_pos_8</key>
	<string>稀有三阶</string>
	<key>wenpon_lv_pos_9</key>
	<string>传奇高阶</string>
	<key>lv_limit</key>
	<string>到等级%d才能装备</string>
	<key>box_net_err</key>
	<string>未检测到网络，无法领取宝箱</string>
	<key>store_att</key>
	<string>攻击力</string>
	<key>store_def</key>
	<string>防御力</string>
	<key>store_dp</key>
	<string>护盾值</string>
	<key>store_dpadd</key>
	<string>护盾回复</string>
	<key>store_hpadd</key>
	<string>生命回复</string>	
	<key>nick_default</key>
	<string>龙门大当家</string>
	<key>shop_say_0</key>
	<string>不需要的物品可以卖给我，但并不是所有的东西都收的哦</string>
	<key>shop_say_1</key>
	<string>买了药水记得去背包里装备。</string>
	<key>shop_say_2</key>
	<string>背包满了可是买不了东西了</string>
	<key>shop_say_3</key>
	<string>客官慢慢挑，这里都是好货</string>
	<key>lv_limit</key>
	<string>(需要等级%d)</string>
	<key>lv_nolimit</key>
	<string>(无等级限制)</string>
	<key>guanqia_idx</key>
	<string>第%d关  </string>	
	<key>guide_unable_item</key>
	<string>引导关，不能使用道具</string>
	<key>guide_tip_5</key>
	<string>将邪恶镖符消除到最后一层，即可解除邪恶状态</string>
	<key>guide_tip_6</key>
	<string>主子，消无可消了！下次记得装备净化术和十字架！</string>
	<key>bgl_luck</key>
	<string>通过20关后开启</string>
	<key>dungeon_luck</key>
	<string>通过6关后开启</string>
	<key>bgl_failed</key>
	<string>咦，失败了！肯定是投入碎片太少了！</string>
	<key>bgl_noparts</key>
	<string>请先投入武器碎片</string>
	<key>support_legal</key>
	<string>此版本存在错误，请下载正版游戏！</string>
	<key>box_time_err</key>
	<string>未到领取时间</string>
	<key>buy_succeed</key>
	<string>购买成功</string>
	<key>day_activity_des_0</key>
	<string>每日通过关卡</string>
	<key>day_activity_des_1</key>
	<string>每日武器升级</string>
	<key>day_activity_des_2</key>
	<string>每日使用道具</string>
	<key>day_activity_des_3</key>
	<string>每日通过精英BOSS</string>
	<key>day_activity_des_4</key>
	<string>每日攀登龙门宝塔</string>
	<key>day_activity_des_5</key>
	<string>每日购买热卖道具</string>
	<key>day_activity_des_6</key>
	<string>每日使用八卦炉</string>
	<key>day_activity_des_7</key>
	<string>每日打开黄金宝箱</string>
	<key>day_activity_des_8</key>
	<string>每日打开镖旗宝箱</string>
	<key>day_activity_des_9</key>
	<string>每日钻石购买物品</string>
	<key>day_activity_des_10</key>
	<string>每日通过副本任务</string>
	<key>relive_tip_0</key>
	<string>起死回生累积次数已达上限</string>
	
	<key>newmap_tip_0_0</key>
	<string>掌印太监视财如命，他肯定贪污了不少好宝贝。</string>
	<key>newmap_tip_0_1</key>
	<string>通过精英68关，有几率获得</string>
	
	<key>newmap_tip_1_0</key>
	<string>厂督大人掌控镖石，权倾朝野，继而谋划天下。</string>
	<key>newmap_tip_1_1</key>
	<string>通过精英77关，有几率获得</string>
	
	<key>newmap_tip_2_0</key>
	<string>当年有人向皇太后进贡镖石，她高兴的一宿没睡。</string>
	<key>newmap_tip_2_1</key>
	<string>通过精英88关，有几率获得</string>
	
	<key>newmap_tip_3_0</key>
	<string>镖师的能力如果达到某个阶段，七彩镖石会不请自来</string>
	<key>newmap_tip_3_1</key>
	<string>将陆三金的攻击力提升至500可获得</string>
	
	<key>newmap_tip_4_0</key>
	<string>镖师的能力如果达到某个阶段，七彩镖石会不请自来</string>
	<key>newmap_tip_4_1</key>
	<string>将蔡八斗的攻击力提升至460可获得</string>
	
	<key>newmap_tip_5_0</key>
	<string>镖师的能力如果达到某个阶段，七彩镖石会不请自来</string>
	<key>newmap_tip_5_1</key>
	<string>将吕青橙的攻击力提升至480可获得</string>
	
	<key>newmap_tip_6_0</key>
	<string>镖师的能力如果达到某个阶段，七彩镖石会不请自来</string>
	<key>newmap_tip_6_1</key>
	<string>将盛秋月的血量回复提升至450可获得</string>
	
	<key>newmap_tip_7_0</key>
	<string>龙门宝塔高层上，时不时会出现七彩的闪光。</string>
	<key>newmap_tip_7_1</key>
	<string>龙门宝塔累计爬塔100层以上，有几率获得</string>
	
	<key>newmap_tip_8_0</key>
	<string>听说八卦炉可以炼化出七彩镖石，运气爆棚的人可以试一试。</string>
	<key>newmap_tip_8_1</key>
	<string>当炼化出传奇碎片时，有几率同时获得镖石</string>
	
	<key>newmap_tip_9_0</key>
	<string>龙门宝塔，可不止只有一颗七彩镖石。</string>
	<key>newmap_tip_9_1</key>
	<string>龙门宝塔累计爬塔300层以上，有几率获得</string>
	
	<key>no_enough_color_stone</key>
	<string>未收集全七彩镖石。</string>

	<key>online_reward_end</key>
	<string>当前没有在线奖励可领取</string>

	<key>guide_pop_boss</key>
	<string>主子，别忘了挑战精英关卡，听说有宝箱掉落！</string>
	
	<key>role_equip_info</key>
	<string>主子，上场人数必须是4人</string>
	<key>role_have_buy</key>
	<string>你已经拥有该人物</string>
</dict>
</plist>
