{
  "type_0": [
    [
      1500,
      25
    ],
    [
      1510,
      25
    ],
    [
      1520,
      25
    ],
    [
      1530,
     25
    ]
  ],
  "type_1": [
    [
      1501,
      25
    ],
    [
      1511,
      25
    ],
    [
      1521,
      25
    ],
    [
      1531,
      25
    ]
  ],
  "type_2": [
    [
      1502,
      25
    ],
    [
      1512,
      25
    ],
    [
      1522,
      25
    ],
    [
      1532,
      25
    ]
  ],
  "type_3": [
    [
      1503,
      25
    ],
    [
      1513,
      25
    ],
    [
      1523,
      25
    ],
    [
      1533,
      25
    ]
  ],
  "type_4": [
    [
      1504,
      25
    ],
    [
      1514,
      25
    ],
    [
      1524,
      25
    ],
    [
      1534,
      25
    ]
  ],
  "type_5": [
    [
      1505,
      25
    ],
    [
      1515,
      25
    ],
    [
      1525,
      25
    ],
    [
      1535,
      25
    ]
  ],
  "type_6": [
    [
      1506,
      25
    ],
    [
      1516,
      25
    ],
    [
      1526,
      25
    ],
    [
      1536,
      25
    ]
  ],
  "type_7": [
    [
      1507,
      25
    ],
    [
      1517,
      25
    ],
    [
      1527,
      25
    ],
    [
      1537,
      25
    ]
  ],
  "type_8": [
    [
      1508,
      25
    ],
    [
      1518,
      25
    ],
    [
      1528,
      25
    ],
    [
      1538,
      25
    ]
  ],
  "type_9": [
    [
      1509,
      25
    ],
    [
      1519,
      25
    ],
    [
      1529,
      25
    ],
    [
      1539,
      25
    ]
  ],
  "type_10": [
    [
      -102,
      100
    ]
  ],
  "type_11": [
    [
      -100,
      100
    ]
  ],
  "type_12": [
    [
      -101,
      100
    ]
  ],
   "type_13": [
    [
      -102,
      100
    ]
  ]
}