{
  "exp": [
    0, 
    32, 
    64, 
    144, 
    240, 
    345, 
    518, 
    705, 
    936, 
    1238, 
    1627, 
    2116, 
    2736, 
    3513, 
    4521, 
    5317, 
    6473, 
    8061, 
    10997, 
    11881, 
    12073, 
    13617, 
    14673, 
    15601, 
    11021, 
    12841, 
    18241, 
    24721, 
    27961, 
    27921, 
    27281, 
    50681, 
    46441, 
    53201, 
    54961, 
    58921, 
    63481, 
    89041, 
    106001, 
    127961, 
    129921, 
    148081, 
    163841, 
    194401, 
    216961, 
    228721, 
    240881, 
    268641, 
    281201, 
    306171
  ], 
  "hp": [
    20, 
    25, 
    30, 
    40, 
    50, 
    60, 
    70, 
    80, 
    90, 
    105, 
    115, 
    130, 
    145, 
    160, 
    170, 
    185, 
    200, 
    220, 
    230, 
    250, 
    270, 
    280, 
    300, 
    310, 
    330, 
    350, 
    370, 
    385, 
    400, 
    420, 
    440, 
    450, 
    480, 
    500, 
    520, 
    530, 
    550, 
    565, 
    580, 
    600, 
    620, 
    630, 
    645, 
    660, 
    680, 
    690, 
    700, 
    715, 
    730, 
    750
  ], 
  "dp": [
    50, 
    60, 
    70, 
    80, 
    90, 
    100, 
    120, 
    140, 
    160, 
    175, 
    185, 
    200, 
    220, 
    235, 
    255, 
    270, 
    290, 
    310, 
    330, 
    350, 
    360, 
    380, 
    400, 
    420, 
    460, 
    500, 
    540, 
    570, 
    590, 
    610, 
    640, 
    660, 
    680, 
    710, 
    730, 
    760, 
    780, 
    800, 
    825, 
    850, 
    870, 
    880, 
    900, 
    925, 
    950, 
    970, 
    985, 
    1000, 
    1020, 
    1050
  ], 
  "attack": [
    8, 
    8, 
    8, 
    9, 
    9, 
    10, 
    11, 
    12, 
    13, 
    14, 
    15, 
    16, 
    17, 
    18, 
    20, 
    21, 
    23, 
    24, 
    26, 
    27, 
    29, 
    31, 
    32, 
    34, 
    36, 
    38, 
    40, 
    42, 
    44, 
    46, 
    48, 
    50, 
    52, 
    54, 
    56, 
    59, 
    61, 
    63, 
    66, 
    68, 
    71, 
    73, 
    75, 
    78, 
    80, 
    82, 
    85, 
    87, 
    89, 
    92
  ], 
  "defadd": [
    10, 
    11, 
    12, 
    13, 
    14, 
    15, 
    17, 
    18, 
    20, 
    22, 
    24, 
    26, 
    29, 
    32, 
    35, 
    38, 
    41, 
    44, 
    48, 
    52, 
    55, 
    59, 
    64, 
    68, 
    73, 
    77, 
    82, 
    87, 
    92, 
    97, 
    103, 
    108, 
    114, 
    120, 
    125, 
    132, 
    138, 
    144, 
    150, 
    158, 
    165, 
    172, 
    180, 
    185, 
    191, 
    199, 
    205, 
    210, 
    218, 
    225
  ], 
  "def": [
    10, 
    13, 
    14, 
    15, 
    16, 
    17, 
    18, 
    19, 
    21, 
    22, 
    24, 
    26, 
    28, 
    30, 
    32, 
    35, 
    37, 
    40, 
    42, 
    45, 
    48, 
    51, 
    54, 
    57, 
    61, 
    64, 
    68, 
    72, 
    75, 
    79, 
    83, 
    87, 
    91, 
    95, 
    99, 
    104, 
    109, 
    114, 
    118, 
    123, 
    127, 
    132, 
    137, 
    142, 
    146, 
    150, 
    158, 
    165, 
    170, 
    175
  ]
}
