{
  "exp": [
    0, 
    32, 
    64, 
    144, 
    240, 
    345, 
    518, 
    705, 
    936, 
    1238, 
    1627, 
    2116, 
    2736, 
    3513, 
    4521, 
    5317, 
    6473, 
    8061, 
    10997, 
    11881, 
    12073, 
    13617, 
    14673, 
    15601, 
    11021, 
    12841, 
    18241, 
    24721, 
    27961, 
    27921, 
    27281, 
    50681, 
    46441, 
    53201, 
    54961, 
    58921, 
    63481, 
    89041, 
    106001, 
    127961, 
    129921, 
    148081, 
    163841, 
    194401, 
    216961, 
    228721, 
    240881, 
    268641, 
    281201, 
    306171
  ], 
  "hp": [
    22, 
    27, 
    33, 
    38, 
    49, 
    60, 
    71, 
    82, 
    93, 
    104, 
    115, 
    132, 
    143, 
    154, 
    170, 
    181, 
    198, 
    209, 
    231, 
    242, 
    253, 
    264, 
    286, 
    297, 
    319, 
    330, 
    341, 
    363, 
    374, 
    396, 
    407, 
    429, 
    440, 
    456, 
    473, 
    495, 
    506, 
    528, 
    539, 
    561, 
    583, 
    599, 
    616, 
    627, 
    643, 
    660, 
    671, 
    687, 
    698, 
    715
  ], 
  "dp": [
    5, 
    9, 
    13, 
    15, 
    25, 
    35, 
    40, 
    50, 
    55, 
    65, 
    75, 
    85, 
    95, 
    100, 
    115, 
    120, 
    135, 
    140, 
    155, 
    160, 
    175, 
    180, 
    195, 
    205, 
    215, 
    225, 
    235, 
    250, 
    260, 
    275, 
    285, 
    295, 
    310, 
    320, 
    335, 
    345, 
    355, 
    370, 
    390, 
    420, 
    450, 
    470, 
    480, 
    500, 
    515, 
    530, 
    550, 
    570, 
    585, 
    600
  ], 
  "def": [
    6, 
    7, 
    8, 
    9, 
    9, 
    10, 
    10, 
    11, 
    12, 
    13, 
    14, 
    15, 
    16, 
    18, 
    19, 
    21, 
    22, 
    24, 
    25, 
    27, 
    28, 
    30, 
    32, 
    34, 
    36, 
    38, 
    40, 
    43, 
    45, 
    47, 
    49, 
    52, 
    54, 
    57, 
    59, 
    62, 
    65, 
    68, 
    70, 
    73, 
    76, 
    79, 
    82, 
    85, 
    87, 
    90, 
    94, 
    99, 
    102, 
    105
  ], 
  "attack": [
    9, 
    9, 
    9, 
    9, 
    9, 
    10, 
    10, 
    11, 
    12, 
    13, 
    14, 
    15, 
    16, 
    17, 
    18, 
    18, 
    19, 
    21, 
    22, 
    23, 
    24, 
    26, 
    27, 
    28, 
    29, 
    31, 
    32, 
    34, 
    35, 
    36, 
    37, 
    39, 
    40, 
    42, 
    44, 
    45, 
    47, 
    49, 
    51, 
    54, 
    55, 
    57, 
    58, 
    60, 
    61, 
    63, 
    64, 
    65, 
    68, 
    70
  ]
}
