{
  "shop_0": {
    "id": 0, 
    "location": 6, 
    "equip": [
      501, 
      511, 
      521,
      531,
      541
    ], 
    "kill": [
      10, 
      33,
      1,
      49,
      23,
      16,
      44,
      2,
      4,
      47
    ], 
    "medical": [
      1000, 
      1001,
      1008
    ]
  }, 
  "shop_1": {
    "id": 1, 
    "location": 14, 
    "equip": [
      502, 
      512, 
      522,
      532,
      542
    ], 
    "kill": [
      33, 
      3,
      17,
      50,
      7,
      25,
      34,
      5,
      44,
      49
    ], 
    "medical": [
      1000, 
      1001,
      1009
    ]
  }, 
  "shop_2": {
    "id": 2, 
    "location": 26, 
    "equip": [
      503, 
      513, 
      523,
      533,
      543
    ], 
    "kill": [
      47, 
      35,
      38,
      13,
      22,
      37,
      3,
      44,
      42,
      53
    ], 
    "medical": [ 
      1002,
      1003,
      1010
    ]
  },
  "shop_3": {
    "id": 3, 
    "location": 37, 
    "equip": [
      505, 
      515, 
      525,
      535,
      545
    ], 
    "kill": [
      4, 
      26,
      51,
      33,
      11,
      21,
      31,
      49,
      41,
      50
    ], 
    "medical": [ 
      1002,
      1003,
      1004,
      1011
    ]
  },
  "shop_4": {
    "id": 4, 
    "location": 51, 
    "equip": [
      506, 
      516, 
      526,
      536,
      546
    ], 
    "kill": [
      39, 
      5,
      48,
      31,
      38,
      36,
      21,
      11,
      53,
      47
    ], 
    "medical": [ 
      1005,
      1006,
      1012
    ]
  },  
  "shop_5": {
    "id": 5, 
    "location": 60, 
    "equip": [
      508, 
      518, 
      528,
      538,
      548
    ], 
    "kill": [
      12, 
      52,
      42,
      44,
      7,
      26,
      33,
      39,
      25,
      48
    ], 
    "medical": [ 
      1005,
      1006,
      1007,
      1013
    ]
  }
}
