{
  "item_0": {
    "id": 0, 
    "name": "龙门镖局"
  }, 
  "item_1": {
    "id": 1, 
    "name": "龙门镖局"
  }, 
  "item_2": {
    "id": 3, 
    "name": "龙门镖局"
  }, 
  "item_3": {
    "id": 5, 
    "name": "万永林区"
  }, 
  "item_4": {
    "id": 10, 
    "name": "万永商号"
  }, 
  "item_5": {
    "id": 4, 
    "name": "龙门小镇"
  }, 
  "item_6": {
    "id": 11, 
    "name": "城郊小路"
  }, 
  "item_7": {
    "id": 13, 
    "name": "林间岔路"
  }, 
  "item_8": {
    "id": 15, 
    "name": "青花寨岗哨"
  }, 
  "item_9": {
    "id": 17, 
    "name": "青花寨"
  }, 
  "item_10": {
    "id": 19, 
    "name": "青花寨老窝"
  }, 
  "item_11": {
    "id": 20, 
    "name": "密林深处"
  }, 
  "item_12": {
    "id": 23, 
    "name": "密林幽境"
  }, 
  "item_13": {
    "id": 27, 
    "name": "云深归处"
  }, 
  "item_14": {
    "id": 28, 
    "name": "青花会前线"
  }, 
  "item_15": {
    "id": 32, 
    "name": "青花会总部"
  }, 
  "item_16": {
    "id": 30, 
    "name": "青花镇"
  }, 
  "item_17": {
    "id": 34, 
    "name": "荒漠关口"
  }, 
  "item_18": {
    "id": 41, 
    "name": "万永山庄"
  }, 
  "item_19": {
    "id": 42, 
    "name": "小桥流水"
  }, 
  "item_20": {
    "id": 46, 
    "name": "分舵堂口"
  }, 
  "item_21": {
    "id": 48, 
    "name": "分舵总部"
  }, 
  "item_22": {
    "id": 49, 
    "name": "塞外关口"
  }, 
  "item_23": {
    "id": 52, 
    "name": "苍月晓庐"
  }, 
  "item_24": {
    "id": 58, 
    "name": "京郊密林"
  }, 
  "item_25": {
    "id": 64, 
    "name": "北郊荒滩"
  }, 
  "item_26": {
    "id": 68, 
    "name": "谢阳大道"
  }, 
  "item_27": {
    "id": 73, 
    "name": "雪龙岭"
  }, 
  "item_28": {
    "id": 75, 
    "name": "皇宫郊外"
  }, 
  "item_29": {
    "id": 77, 
    "name": "龙湖秘境"
  }, 
  "item_30": {
    "id": 80, 
    "name": "龙湖皇宫"
  }
}
