[
  {
    "id": 0, 
    "style": 0, 
    "floor": 10, 
    "stageNum": [
      1, 
      1, 
      1, 
      1, 
      1, 
      1, 
      1, 
      1, 
      1, 
      1
    ], 
    "stageName": [
      "0.0"
    ], 
    "sceneid": [
      3
    ], 
    "award_exp": 0, 
    "award_gold": 0, 
    "monsArray": [
      [
      	[
          85
        ]
      ], 
      [
        [
          83, 
          83
        ]
      ], 
      [
        [
          84, 
          73, 
          84
        ]
      ], 
      [
        [
          86, 
          87, 
          86
        ]
      ], 
      [
      	[
          91
        ]
      ],
      [
        [
          88, 
          89, 
          89, 
          88
        ]
      ], 
      [
        [
          90
        ]
      ], 
      [
        [
          92
        ]  
      ],  
      [
        [
          94
        ]
      ],
      [
        [
          93
        ]
      ]
    ]
  }
]
