[[{"itemid":82,"p":1}],[{"itemid":3,"p":1},{"itemid":9,"p":1}],[{"itemid":15,"p":1},{"itemid":21,"p":1}],[{"itemid":4,"p":1},{"itemid":10,"p":1}],[{"itemid":16,"p":1},{"itemid":22,"p":1}],[{"itemid":86,"p":1},{"itemid":90,"p":1}],[{"itemid":94,"p":1},{"itemid":98,"p":1}],[{"itemid":34,"p":1},{"itemid":35,"p":1},{"itemid":39,"p":1},{"itemid":40,"p":1},{"itemid":46,"p":1},{"itemid":47,"p":1},{"itemid":51,"p":1},{"itemid":53,"p":1},{"itemid":56,"p":1},{"itemid":57,"p":1}],[{"itemid":27,"p":1},{"itemid":28,"p":1},{"itemid":74,"p":1},{"itemid":30,"p":1},{"itemid":31,"p":1},{"itemid":78,"p":1},{"itemid":81,"p":1},{"itemid":83,"p":1}]]