[[{"itemid":82,"p":1}],[{"itemid":2,"p":1},{"itemid":8,"p":1}],[{"itemid":14,"p":1},{"itemid":20,"p":1}],[{"itemid":3,"p":1},{"itemid":9,"p":1}],[{"itemid":15,"p":1},{"itemid":21,"p":1}],[{"itemid":85,"p":1},{"itemid":89,"p":1}],[{"itemid":93,"p":1},{"itemid":97,"p":1}],[{"itemid":34,"p":1},{"itemid":35,"p":1},{"itemid":39,"p":1},{"itemid":40,"p":1},{"itemid":46,"p":1},{"itemid":47,"p":1},{"itemid":51,"p":1},{"itemid":53,"p":1},{"itemid":56,"p":1},{"itemid":57,"p":1}],[{"itemid":27,"p":1},{"itemid":28,"p":1},{"itemid":30,"p":1},{"itemid":31,"p":1},{"itemid":81,"p":1},{"itemid":83,"p":1}]]