[
    [
        {
            "itemid": 1,
            "p": 1
        },
        {
            "itemid": 2,
            "p": 1
        },
        {
            "itemid": 3,
            "p": 1
        },
        {
            "itemid": 4,
            "p": 1
        },
        {
            "itemid": 5,
            "p": 1
        },
        {
            "itemid": 6,
            "p": 1
        }
    ],
    [
        {
            "itemid": 7,
            "p": 1
        },
        {
            "itemid": 8,
            "p": 1
        },
        {
            "itemid": 9,
            "p": 1
        },
        {
            "itemid": 10,
            "p": 1
        },
        {
            "itemid": 11,
            "p": 1
        },
        {
            "itemid": 12,
            "p": 1
        }
    ],
    [
        {
            "itemid": 13,
            "p": 1
        },
        {
            "itemid": 14,
            "p": 1
        },
        {
            "itemid": 15,
            "p": 1
        },
        {
            "itemid": 16,
            "p": 1
        },
        {
            "itemid": 17,
            "p": 1
        },
        {
            "itemid": 18,
            "p": 1
        }
    ],
    [
        {
            "itemid": 19,
            "p": 1
        },
        {
            "itemid": 20,
            "p": 1
        },
        {
            "itemid": 21,
            "p": 1
        },
        {
            "itemid": 22,
            "p": 1
        },
        {
            "itemid": 23,
            "p": 1
        },
        {
            "itemid": 24,
            "p": 1
        }
    ],
    [
        {
            "itemid": 58,
            "p": 1
        },
        {
            "itemid": 59,
            "p": 1
        },
        {
            "itemid": 60,
            "p": 1
        },
        {
            "itemid": 61,
            "p": 1
        },
        {
            "itemid": 62,
            "p": 1
        },
        {
            "itemid": 63,
            "p": 1
        },
        {
            "itemid": 64,
            "p": 1
        },
        {
            "itemid": 65,
            "p": 1
        }
    ],
    [
        {
            "itemid": 66,
            "p": 1
        },
        {
            "itemid": 67,
            "p": 1
        },
        {
            "itemid": 68,
            "p": 1
        },
        {
            "itemid": 69,
            "p": 1
        },
        {
            "itemid": 70,
            "p": 1
        },
        {
            "itemid": 71,
            "p": 1
        },
        {
            "itemid": 72,
            "p": 1
        },
        {
            "itemid": 73,
            "p": 1
        }
    ],
    [
        {
            "itemid": 32,
            "p": 1
        },
        {
            "itemid": 33,
            "p": 1
        },
        {
            "itemid": 34,
            "p": 1
        },
        {
            "itemid": 35,
            "p": 1
        },
        {
            "itemid": 36,
            "p": 1
        },
        {
            "itemid": 37,
            "p": 1
        },
        {
            "itemid": 38,
            "p": 1
        },
        {
            "itemid": 39,
            "p": 1
        },
        {
            "itemid": 40,
            "p": 1
        },
        {
            "itemid": 41,
            "p": 1
        },
        {
            "itemid": 42,
            "p": 1
        },
        {
            "itemid": 43,
            "p": 1
        },
        {
            "itemid": 44,
            "p": 1
        },
        {
            "itemid": 45,
            "p": 1
        },
        {
            "itemid": 46,
            "p": 1
        },
        {
            "itemid": 47,
            "p": 1
        },
        {
            "itemid": 48,
            "p": 1
        },
        {
            "itemid": 49,
            "p": 1
        },
        {
            "itemid": 50,
            "p": 1
        },
        {
            "itemid": 51,
            "p": 1
        },
        {
            "itemid": 52,
            "p": 1
        },
        {
            "itemid": 53,
            "p": 1
        },
        {
            "itemid": 54,
            "p": 1
        },
        {
            "itemid": 55,
            "p": 1
        },
        {
            "itemid": 56,
            "p": 1
        },
        {
            "itemid": 57,
            "p": 1
        }
    ],
    [
        {
            "itemid": 25,
            "p": 1
        },
        {
            "itemid": 26,
            "p": 1
        },
        {
            "itemid": 27,
            "p": 1
        },
        {
            "itemid": 28,
            "p": 1
        },
        {
            "itemid": 29,
            "p": 1
        },
        {
            "itemid": 30,
            "p": 1
        },
        {
            "itemid": 31,
            "p": 1
        },
        {
            "itemid": 74,
            "p": 1
        },
        {
            "itemid": 75,
            "p": 1
        },
        {
            "itemid": 76,
            "p": 1
        },
        {
            "itemid": 77,
            "p": 1
        },
        {
            "itemid": 78,
            "p": 1
        },
        {
            "itemid": 79,
            "p": 1
        },
        {
            "itemid": 80,
            "p": 1
        },
        {
            "itemid": 83,
            "p": 1
        }
    ],
    [
        {
            "itemid": 81,
            "p": 1
        },
        {
            "itemid": 82,
            "p": 1
        }
    ]
]