[[{"itemid":82,"p":1}],[{"itemid":5,"p":1},{"itemid":11,"p":1}],[{"itemid":17,"p":1},{"itemid":23,"p":1}],[{"itemid":6,"p":1},{"itemid":12,"p":1}],[{"itemid":18,"p":1},{"itemid":24,"p":1}],[{"itemid":58,"p":1},{"itemid":62,"p":1}],[{"itemid":66,"p":1},{"itemid":70,"p":1}],[{"itemid":34,"p":1},{"itemid":35,"p":1},{"itemid":39,"p":1},{"itemid":40,"p":1},{"itemid":46,"p":1},{"itemid":47,"p":1},{"itemid":51,"p":1},{"itemid":53,"p":1},{"itemid":56,"p":1},{"itemid":57,"p":1}],[{"itemid":74,"p":1},{"itemid":75,"p":1},{"itemid":76,"p":1},{"itemid":77,"p":1},{"itemid":78,"p":1},{"itemid":79,"p":1},{"itemid":80,"p":1},{"itemid":81,"p":1},{"itemid":83,"p":1}]]