[{"des":"陆三金1","id":0,"itemid":1500,"num":60,"price":240,"type":0},{"des":"陆三金2","id":1,"itemid":1501,"num":50,"price":350,"type":0},{"des":"陆三金3","id":2,"itemid":1502,"num":40,"price":800,"type":0},{"des":"陆三金4","id":3,"itemid":1503,"num":30,"price":1200,"type":0},{"des":"陆三金5","id":4,"itemid":1504,"num":30,"price":1800,"type":0},{"des":"陆三金6","id":5,"itemid":1505,"num":30,"price":3000,"type":0},{"des":"蔡八斗1","id":6,"itemid":1510,"num":60,"price":240,"type":0},{"des":"蔡八斗2","id":7,"itemid":1511,"num":50,"price":350,"type":0},{"des":"蔡八斗3","id":8,"itemid":1512,"num":40,"price":800,"type":0},{"des":"蔡八斗4","id":9,"itemid":1513,"num":30,"price":1200,"type":0},{"des":"蔡八斗5","id":10,"itemid":1514,"num":30,"price":1800,"type":0},{"des":"蔡八斗6","id":11,"itemid":1515,"num":30,"price":3000,"type":0},{"des":"吕青橙1","id":12,"itemid":1520,"num":60,"price":240,"type":0},{"des":"吕青橙2","id":13,"itemid":1521,"num":50,"price":350,"type":0},{"des":"吕青橙3","id":14,"itemid":1522,"num":40,"price":800,"type":0},{"des":"吕青橙4","id":15,"itemid":1523,"num":30,"price":1200,"type":0},{"des":"吕青橙5","id":16,"itemid":1524,"num":30,"price":1800,"type":0},{"des":"吕青橙6","id":17,"itemid":1525,"num":30,"price":3000,"type":0},{"des":"盛秋月1","id":18,"itemid":1530,"num":60,"price":240,"type":0},{"des":"盛秋月2","id":19,"itemid":1531,"num":50,"price":350,"type":0},{"des":"盛秋月3","id":20,"itemid":1532,"num":40,"price":800,"type":0},{"des":"盛秋月4","id":21,"itemid":1533,"num":30,"price":1200,"type":0},{"des":"盛秋月5","id":22,"itemid":1534,"num":30,"price":1800,"type":0},{"des":"盛秋月6","id":23,"itemid":1535,"num":30,"price":3000,"type":0},{"des":"治疗药水","id":24,"itemid":1000,"num":5,"price":240,"type":0},{"des":"防护药水","id":25,"itemid":1001,"num":5,"price":200,"type":0},{"des":"强力治疗药水","id":26,"itemid":1002,"num":2,"price":320,"type":0},{"des":"强力防护药水","id":27,"itemid":1003,"num":2,"price":240,"type":0},{"des":"十字架","id":28,"itemid":1008,"num":3,"price":180,"type":0},{"des":"银十字架","id":29,"itemid":1009,"num":3,"price":600,"type":0},{"des":"白银十字架","id":30,"itemid":1010,"num":2,"price":800,"type":0},{"des":"烈焰击","id":31,"itemid":2,"num":1,"price":15,"type":2},{"des":"强雷击","id":32,"itemid":3,"num":1,"price":25,"type":2},{"des":"赤炎舞","id":33,"itemid":4,"num":1,"price":40,"type":2},{"des":"奔雷怒","id":34,"itemid":5,"num":1,"price":50,"type":2},{"des":"电光火石","id":35,"itemid":7,"num":1,"price":60,"type":2},{"des":"金钟罩","id":36,"itemid":10,"num":1,"price":25,"type":2},{"des":"寒冰魄","id":37,"itemid":11,"num":1,"price":40,"type":2},{"des":"金刚护体","id":38,"itemid":12,"num":1,"price":40,"type":2},{"des":"凝冰之剑","id":39,"itemid":13,"num":1,"price":60,"type":2},{"des":"强闪电术","id":40,"itemid":21,"num":1,"price":25,"type":2},{"des":"强冰冻术","id":41,"itemid":22,"num":1,"price":25,"type":2},{"des":"强火球术","id":42,"itemid":23,"num":1,"price":40,"type":2},{"des":"超闪电术","id":43,"itemid":25,"num":1,"price":50,"type":2},{"des":"超冰冻术","id":44,"itemid":26,"num":1,"price":50,"type":2},{"des":"超火球术","id":45,"itemid":27,"num":1,"price":50,"type":2},{"des":"陨石术","id":46,"itemid":28,"num":1,"price":120,"type":2},{"des":"北极冰封","id":47,"itemid":31,"num":1,"price":100,"type":2},{"des":"中自疗术","id":48,"itemid":36,"num":1,"price":20,"type":2},{"des":"中回复术","id":49,"itemid":37,"num":1,"price":20,"type":2},{"des":"中净化术","id":50,"itemid":38,"num":1,"price":40,"type":2},{"des":"中增幅术","id":51,"itemid":39,"num":1,"price":40,"type":2},{"des":"大回复术","id":52,"itemid":40,"num":1,"price":50,"type":2},{"des":"大自疗术","id":53,"itemid":41,"num":1,"price":50,"type":2},{"des":"大净化术","id":54,"itemid":42,"num":1,"price":80,"type":2},{"des":"起死回生","id":55,"itemid":44,"num":1,"price":140,"type":2},{"des":"容光焕发","id":56,"itemid":45,"num":1,"price":120,"type":2},{"des":"陆三金7","id":57,"itemid":1506,"num":20,"price":36,"type":2},{"des":"陆三金8","id":58,"itemid":1507,"num":20,"price":50,"type":2},{"des":"陆三金9","id":59,"itemid":1508,"num":20,"price":80,"type":2},{"des":"陆三金10","id":60,"itemid":1509,"num":10,"price":60,"type":2},{"des":"六叶斧","id":61,"itemid":1516,"num":20,"price":36,"type":2},{"des":"钢玉斧","id":62,"itemid":1517,"num":20,"price":50,"type":2},{"des":"流金斧","id":63,"itemid":1518,"num":20,"price":80,"type":2},{"des":"八瓣莲花斧","id":64,"itemid":1519,"num":10,"price":60,"type":2},{"des":"箭镖","id":65,"itemid":1526,"num":20,"price":36,"type":2},{"des":"峨眉镖","id":66,"itemid":1527,"num":20,"price":50,"type":2},{"des":"梅花针","id":67,"itemid":1528,"num":20,"price":80,"type":2},{"des":"烟花绣","id":68,"itemid":1529,"num":10,"price":60,"type":2},{"des":"寒冰杖","id":69,"itemid":1536,"num":20,"price":36,"type":2},{"des":"消魔杖","id":70,"itemid":1537,"num":20,"price":50,"type":2},{"des":"巴里巴拉魔杖","id":71,"itemid":1538,"num":20,"price":80,"type":2},{"des":"迷你笑笑枝","id":72,"itemid":1539,"num":10,"price":60,"type":2},{"des":"强力综合药水","id":73,"itemid":1004,"num":2,"price":5,"type":2},{"des":"神奇治疗药水","id":74,"itemid":1005,"num":2,"price":6,"type":2},{"des":"神奇防护药水","id":75,"itemid":1006,"num":2,"price":8,"type":2},{"des":"神奇综合药水","id":76,"itemid":1007,"num":2,"price":10,"type":2},{"des":"白金十字架","id":77,"itemid":1011,"num":1,"price":5,"type":2},{"des":"神圣十字架","id":78,"itemid":1012,"num":1,"price":10,"type":2},{"des":"万能十字架","id":79,"itemid":1013,"num":1,"price":15,"type":2},{"des":"S技能镖符","id":80,"itemid":1014,"num":4,"price":20,"type":2},{"des":"镖旗","id":81,"itemid":-102,"num":10,"price":10,"type":2},{"des":"经验加倍药水","id":82,"itemid":1015,"num":2,"price":10,"type":2},{"des":"陆三金3","id":83,"itemid":1502,"num":40,"price":7,"type":2},{"des":"陆三金4","id":84,"itemid":1503,"num":30,"price":10,"type":2},{"des":"陆三金5","id":85,"itemid":1504,"num":30,"price":15,"type":2},{"des":"陆三金6","id":86,"itemid":1505,"num":30,"price":25,"type":2},{"des":"蔡八斗3","id":87,"itemid":1512,"num":40,"price":7,"type":2},{"des":"蔡八斗4","id":88,"itemid":1513,"num":30,"price":10,"type":2},{"des":"蔡八斗5","id":89,"itemid":1514,"num":30,"price":15,"type":2},{"des":"蔡八斗6","id":90,"itemid":1515,"num":30,"price":25,"type":2},{"des":"吕青橙3","id":91,"itemid":1522,"num":40,"price":7,"type":2},{"des":"吕青橙4","id":92,"itemid":1523,"num":30,"price":10,"type":2},{"des":"吕青橙5","id":93,"itemid":1524,"num":30,"price":15,"type":2},{"des":"吕青橙6","id":94,"itemid":1525,"num":30,"price":25,"type":2},{"des":"盛秋月3","id":95,"itemid":1532,"num":40,"price":7,"type":2},{"des":"盛秋月4","id":96,"itemid":1533,"num":30,"price":10,"type":2},{"des":"盛秋月5","id":97,"itemid":1534,"num":30,"price":15,"type":2},{"des":"盛秋月6","id":98,"itemid":1535,"num":30,"price":25,"type":2},{"des":"陆三金7","id":99,"itemid":1506,"num":20,"price":4000,"type":0},{"des":"陆三金8","id":100,"itemid":1507,"num":20,"price":6000,"type":0},{"des":"六叶斧","id":101,"itemid":1516,"num":20,"price":4000,"type":0},{"des":"钢玉斧","id":102,"itemid":1517,"num":20,"price":6000,"type":0},{"des":"箭镖","id":103,"itemid":1526,"num":20,"price":4000,"type":0},{"des":"峨眉镖","id":104,"itemid":1527,"num":20,"price":6000,"type":0},{"des":"寒冰杖","id":105,"itemid":1536,"num":20,"price":4000,"type":0},{"des":"消魔杖","id":106,"itemid":1537,"num":20,"price":6000,"type":0}]