[[{"itemid":82,"p":1}],[{"itemid":1,"p":1},{"itemid":7,"p":1}],[{"itemid":13,"p":1},{"itemid":19,"p":1}],[{"itemid":2,"p":1},{"itemid":8,"p":1}],[{"itemid":14,"p":1},{"itemid":20,"p":1}],[{"itemid":84,"p":1},{"itemid":88,"p":1}],[{"itemid":92,"p":1},{"itemid":96,"p":1}],[{"itemid":34,"p":1},{"itemid":35,"p":1},{"itemid":39,"p":1},{"itemid":40,"p":1},{"itemid":46,"p":1},{"itemid":47,"p":1},{"itemid":51,"p":1},{"itemid":53,"p":1},{"itemid":56,"p":1},{"itemid":57,"p":1}],[{"itemid":25,"p":1},{"itemid":26,"p":1},{"itemid":29,"p":1},{"itemid":30,"p":1},{"itemid":81,"p":1},{"itemid":83,"p":1}]]