[[{"itemid":82,"p":1}],[{"itemid":100,"p":1},{"itemid":102,"p":1}],[{"itemid":104,"p":1},{"itemid":106,"p":1}],[{"itemid":101,"p":1},{"itemid":103,"p":1}],[{"itemid":105,"p":1},{"itemid":107,"p":1}],[{"itemid":60,"p":1},{"itemid":64,"p":1}],[{"itemid":68,"p":1},{"itemid":72,"p":1}],[{"itemid":34,"p":1},{"itemid":35,"p":1},{"itemid":39,"p":1},{"itemid":40,"p":1},{"itemid":46,"p":1},{"itemid":47,"p":1},{"itemid":51,"p":1},{"itemid":53,"p":1},{"itemid":56,"p":1},{"itemid":57,"p":1}],[{"itemid":75,"p":1},{"itemid":76,"p":1},{"itemid":77,"p":1},{"itemid":79,"p":1},{"itemid":80,"p":1},{"itemid":81,"p":1},{"itemid":83,"p":1}]]