[
    {
        "itemid": "item_good_newgoldpack_0",
        "name": "",
        "get": [
            {
                "itemid": "itemid_good_gold",
                "getnum": 3000
            }
        ],
        "price": 30,
        "des": "",
        "paytype": 2
    },
    {
        "itemid": "item_good_newgoldpack_1",
        "name": "",
        "get": [
            {
                "itemid": "itemid_good_gold",
                "getnum": 10000
            }
        ],
        "price": 80,
        "des": "",
        "paytype": 2
    },
    {
        "itemid": "item_good_newgoldpack_2",
        "name": "",
        "get": [
            {
                "itemid": "itemid_good_gold",
                "getnum": 21000
            }
        ],
        "price": 160,
        "des": "",
        "paytype": 2
    },
    {
        "itemid": "item_good_newgoldpack_3",
        "name": "",
        "get": [
            {
                "itemid": "itemid_good_gold",
                "getnum": 40000
            }
        ],
        "price": 280,
        "des": "",
        "paytype": 2
    },
    {
        "itemid": "item_good_newcrystalpack_0",
        "name": "",
        "get": [
            {
                "itemid": "itemid_good_crystal",
                "getnum": 60
            }
        ],
        "price": 6,
        "des": "",
        "paytype": 1
    },
    {
        "itemid": "item_good_newcrystalpack_1",
        "name": "",
        "get": [
            {
                "itemid": "itemid_good_crystal",
                "getnum": 420
            }
        ],
        "price": 30,
        "des": "",
        "paytype": 1
    },
    {
        "itemid": "item_good_newcrystalpack_2",
        "name": "",
        "get": [
            {
                "itemid": "itemid_good_crystal",
                "getnum": 1100
            }
        ],
        "price": 68,
        "des": "",
        "paytype": 1
    },
    {
        "itemid": "item_good_newcrystalpack_3",
        "name": "",
        "get": [
            {
                "itemid": "itemid_good_crystal",
                "getnum": 2400
            }
        ],
        "price": 128,
        "des": "",
        "paytype": 1
    },
    {
        "itemid": "item_good_storebox_0",
        "price": 80,
        "des": "",
        "paytype": 2,
        "name": ""
    },
    {
        "itemid": "item_good_storebox_1",
        "price": 160,
        "des": "",
        "paytype": 2,
        "name": ""
    },
    {
        "itemid": "item_good_storebox_2",
        "price": 300,
        "des": "",
        "paytype": 2,
        "name": ""
    },
    {
        "itemid": "item_good_refresh_store",
        "price": 0,
        "des": "",
        "paytype": 2,
        "name": ""
    },
    {
        "itemid": "item_good_firstgift",
        "name": "",
        "get": [
            {
                "itemid": "itemid_good_crystal",
                "getnum": 60
            },
            {
                "itemid": "itemid_good_item_1004",
                "getnum": 5
            },
            {
                "itemid": "itemid_good_skill_14",
                "getnum": 1
            }
        ],
        "price": 6,
        "des": "",
        "paytype": 1
    },
    {
        "itemid": "item_good_regettili",
        "name": "",
        "get": [
            {
                "itemid": "key_tili_num",
                "getnum": 10
            }
        ],
        "price": 5,
        "des": "",
        "paytype": 2
    },
    {
        "itemid": "item_good_buytili",
        "name": "",
        "get": [
            {
                "itemid": "key_tili_num",
                "getnum": 10
            }
        ],
        "price": 10,
        "des": "",
        "paytype": 2
    },
    {
        "itemid": "item_good_daygift",
        "price": 50,
        "des": "",
        "paytype": 2,
        "name": ""
    },
    {
        "itemid": "item_good_timegift",
        "price": 150,
        "des": "",
        "paytype": 2,
        "name": ""
    },
    {
        "itemid": "item_good_timegift1",
        "price": 260,
        "des": "",
        "paytype": 2,
        "name": ""
    },
    {
        "itemid": "item_good_timegift2",
        "price": 380,
        "des": "",
        "paytype": 2,
        "name": ""
    },
    {
        "itemid": "item_good_reborn1",
        "price": 12,
        "des": "",
        "paytype": 2,
        "name": ""
    },
    {
        "itemid": "item_good_reborn2",
        "price": 24,
        "des": "",
        "paytype": 2,
        "name": ""
    },
    {
        "itemid": "item_good_reborn4",
        "price": 36,
        "des": "",
        "paytype": 2,
        "name": ""
    },
    {
        "itemid": "item_good_wpgift0",
        "price": 160,
        "des": "",
        "paytype": 2,
        "name": ""
    },
    {
        "itemid": "item_good_wpgift1",
        "price": 360,
        "des": "",
        "paytype": 2,
        "name": ""
    },
    {
        "itemid": "item_good_player_4",
        "price": 480,
        "des": "",
        "paytype": 2,
        "name": ""
    },
    {
        "itemid": "item_good_bgljinhua",
        "price": 100000,
        "des": "",
        "paytype": 0,
        "name": ""
    },
    {
        "itemid": "item_good_supergift",
        "price": 18,
        "des": "",
        "paytype": 1,
        "name": ""
    },
    {
        "itemid": "item_good_firstgift_2",
        "name": "",
        "get": [
            {
                "itemid": "itemid_good_crystal",
                "getnum": 60
            },
            {
                "itemid": "itemid_good_item_1004",
                "getnum": 5
            },
            {
                "itemid": "itemid_good_skill_14",
                "getnum": 1
            }
        ],
        "price": 1,
        "des": "",
        "paytype": 1
    },
    {
        "itemid": "item_good_superskill",
        "price": 50,
        "des": "",
        "paytype": 2,
        "name": ""
    }
]