[{"itemid": "item_good_newgoldpack_0", "name": "", "get": [{"itemid": "itemid_good_gold", "getnum": 3000}], "price": 30, "des": "", "paytype": 2}, {"itemid": "item_good_newgoldpack_1", "name": "", "get": [{"itemid": "itemid_good_gold", "getnum": 10000}], "price": 80, "des": "", "paytype": 2}, {"itemid": "item_good_newgoldpack_2", "name": "", "get": [{"itemid": "itemid_good_gold", "getnum": 21000}], "price": 160, "des": "", "paytype": 2}, {"itemid": "item_good_newgoldpack_3", "name": "", "get": [{"itemid": "itemid_good_gold", "getnum": 40000}], "price": 280, "des": "", "paytype": 2}, {"itemid": "item_good_newcrystalpack_0", "name": "", "get": [{"itemid": "itemid_good_crystal", "getnum": 20}], "price": 2, "des": "", "paytype": 1}, {"itemid": "item_good_newcrystalpack_1", "name": "", "get": [{"itemid": "itemid_good_crystal", "getnum": 80}], "price": 6, "des": "", "paytype": 1}, {"itemid": "item_good_newcrystalpack_2", "name": "", "get": [{"itemid": "itemid_good_crystal", "getnum": 180}], "price": 12, "des": "", "paytype": 1}, {"itemid": "item_good_newcrystalpack_3", "name": "", "get": [{"itemid": "itemid_good_crystal", "getnum": 320}], "price": 20, "des": "", "paytype": 1}, {"itemid": "item_good_storebox_0", "price": 80, "des": "", "paytype": 2, "name": ""}, {"itemid": "item_good_storebox_1", "price": 160, "des": "", "paytype": 2, "name": ""}, {"itemid": "item_good_storebox_2", "price": 300, "des": "", "paytype": 2, "name": ""}, {"itemid": "item_good_refresh_store", "price": 0, "des": "", "paytype": 2, "name": ""}, {"itemid": "item_good_firstgift", "name": "", "get": [{"itemid": "itemid_good_crystal", "getnum": 20}, {"itemid": "itemid_good_item_1004", "getnum": 2}, {"itemid": "itemid_good_skill_14", "getnum": 1}], "price": 2, "des": "", "paytype": 1}, {"itemid": "item_good_regettili", "name": "", "get": [{"itemid": "key_tili_num", "getnum": 10}], "price": 5, "des": "", "paytype": 2}, {"itemid": "item_good_buytili", "name": "", "get": [{"itemid": "key_tili_num", "getnum": 10}], "price": 10, "des": "", "paytype": 2}, {"itemid": "item_good_daygift", "price": 1, "des": "", "paytype": 1, "name": ""}, {"itemid": "item_good_timegift", "price": 150, "des": "", "paytype": 2, "name": ""}, {"itemid": "item_good_timegift1", "price": 260, "des": "", "paytype": 2, "name": ""}, {"itemid": "item_good_timegift2", "price": 380, "des": "", "paytype": 2, "name": ""}, {"itemid": "item_good_reborn1", "price": 1, "des": "", "paytype": 1, "name": ""}, {"itemid": "item_good_reborn2", "price": 2, "des": "", "paytype": 1, "name": ""}, {"itemid": "item_good_reborn4", "price": 4, "des": "", "paytype": 1, "name": ""}, {"itemid": "item_good_wpgift0", "price": 8, "des": "", "paytype": 1, "name": ""}, {"itemid": "item_good_wpgift1", "price": 16, "des": "", "paytype": 1, "name": ""}, {"itemid": "item_good_player_4", "price": 480, "des": "", "paytype": 2, "name": ""}, {"itemid": "item_good_vip", "price": 20, "des": "", "paytype": 1, "name": ""}, {"itemid": "item_good_superskill", "price": 1, "des": "", "paytype": 1, "name": ""}]